Joueur;Poste;Côte;Note;Variation;But;j28;j27;j26;j25;j24;j23;j22;j21;j13;j12;j11;j10;j9;j8;j7;j6;j5;j4;j3;j2;j1;DMI;Club;Prochain opposant;Victoire probable
Ali-Cho Mohamed;M;9;4.92/12;0.29;0;;;;-5;-5;-5;-5;;;;-5;;-5;;;(4.5);(4.5);-5;;;;5.5;Angers;Saint-Étienne;43.30% - 40.16%
Alioui Rachid;A;4;4.50{4.21/7};0.00{0.49};0;;;;;;;;;;;;;;;(4.5);;;;;;;;Angers;Saint-Étienne;43.30% - 40.16%
Amadou Ibrahim;M;9;5.03/17(5.67/3){5.06/27};0.80(0.58){0.71};0;6;-5;6;;4;-5;(4.5);4.5;5.5†J;6;5.5;6;3.5;5.5;4.5;;;;;;;;Angers;Saint-Étienne;43.30% - 40.16%
Bahoken Stéphane;A;11;4.78/20(4.75/2){4.77/26};1.26(0.35){1.19};5{7};(4.5);-5;;;;;;3.5;4J;7*;5;8**;(4.5);6;;2.5;4.5;5*;6*;-5;;4;Angers;Saint-Étienne;43.30% - 40.16%
Bamba Abdoulaye;D;5;4.69/13{4.84/16};0.88{0.87};0;;4.5;5;;;5.5;;;5;;;;;;4.5;3;5;3;5.5;4.5;6;;Angers;Saint-Étienne;43.30% - 40.16%
Bemanga Kevin;M;1;0.00;0.00;0;;;;;;;;;;;;;;;;;;;;;;;Angers;Saint-Étienne;43.30% - 40.16%
Bernardoni Paul;G;11;4.96/28{5.01/34};1.28{1.23};0;6.5;4;6;3.5;3;6;6;4;6;6;4.5;6;3J;3.5;5;3;6;4;7;5.5;6;6.5;Angers;Saint-Étienne;43.30% - 40.16%
Bobichon Antonin;M;8;5.07/15(5.00){5.14/18};0.84{0.98};0{1};-5;;;-5;;6;;;;-5;-5;-5;;-5;;;4;4;7.5;(4.5);;4.5;Angers;Saint-Étienne;43.30% - 40.16%
Boma Kévin;D;1;0.00;0.00;0;;;;;;;;;;;;;;;;;;;;;;;Angers;Saint-Étienne;43.30% - 40.16%
Boufal Sofiane;M;10;5.04/12(4.75/6){4.94/16};0.92(0.88){0.83};1;6;5;-5;4;3.5;-5;;-5;5.5†J;(5.5);;;4.5;7*;4.5;;;;;;;;Angers;Saint-Étienne;43.30% - 40.16%
Butelle Ludovic;G;7;0.00{5.75/4};0.00{0.96};0;;;;;;;;;;;;;;;;;;;;;;;Angers;Saint-Étienne;43.30% - 40.16%
Cabot Jimmy;M;9;5.00/16;0.77{0.69};1;;;;-5;4.5;;;-5;(5.5);6;;(6.5*);3.5;5;(5.5);(4.5);;;;;;4.5;Angers;Saint-Étienne;43.30% - 40.16%
Capelle Pierrick;M;14;5.14/25(5.28/18){5.19/29};0.99(0.77);3;-5;4;-5;4;-5;5.5;6*;5;(6*);(6.5*);6;;;;4.5;3.5;7.5;3;5;-5;-5;4.5;Angers;Saint-Étienne;43.30% - 40.16%
Diony Lois;A;12;4.63/26{4.59/32};0.96{0.93};4{5};5;6.5*;4.5J;4J;3;4.5;6.5*;-5;(4.5);(4.5);(4.5);(6*);3;(4.5);4;-4;-5;(4.5);(4.5);;;4.5;Angers;Saint-Étienne;43.30% - 40.16%
Doumbia Souleyman;D;10;4.82/22(4.75/2){4.93/27};1.05(0.35){1.02};0;5J;4.5;;3.5;3°;5;7;4;;6;5;5;3.5;-6;4J;;;;5;4;7;5;Angers;Saint-Étienne;43.30% - 40.16%
Ebosse Enzo;D;4;4.33/6{4.55/10};1.33{1.23};0;;;;;;;;;;;;;;5†;-5;2;-5;3.5J;;;(5.5);;Angers;Saint-Étienne;43.30% - 40.16%
El Melali Farid;M;8;4.89/14{4.90/15};0.35{0.34};0;;-5;;;;-5;-5;;-5;(4.5);(5.5);(5.5);;;;;;;;5;(4.5);4.5;Angers;Saint-Étienne;43.30% - 40.16%
Elhadji Djibril Diaw;D;1;0.00;0.00;0;;;;;;;;;;;;;;;;;;;;;;;Angers;Saint-Étienne;43.30% - 40.16%
Falouh Oussama;D;2;0.00;0.00;0;;;;;;;;;;;;;;8*;4.5J;3.5;7*;5;6J;4.5;5.5;;Angers;Saint-Étienne;43.30% - 40.16%
Fortuné Yassin;A;1;0.00;0.00;0;;;;;;;;;7*;7;6;7;4;;;3;(5.5);5.5;-6;-5;(4.5);;Angers;Saint-Étienne;43.30% - 40.16%
Fulgini Angelo;M;16;5.63/26(6.00/5){5.58/32};1.27(1.22){1.21};5;8*;5;6;6;5;;5;7*;(4.5);;-5;-5;(4.5);;;;;;;;;5;Angers;Saint-Étienne;43.30% - 40.16%
Lassana Coulibaly;M;13;5.22/25(5.41/16);0.87(0.84);1;6;5;6.5;4J;(5.5);6;7.5*J;5;;;;;;5;-5;(4.5);;;;;;5.5;Angers;Saint-Étienne;43.30% - 40.16%
Manceau Vincent;D;9;4.76/19{4.74/23};0.86{0.80};0;;;6;3.5;3;;6;4.5;6;5J;5.5;5J;4;5.5;6.5*;(5.5);4.5J;3.5;6;5;5.5;5;Angers;Saint-Étienne;43.30% - 40.16%
Mangani Thomas;M;16;5.28/25{5.16/28};1.04{1.05};3;;6*;6;6*;4.5;5;7;-5;5;6†;;6.5;3.5;;;;;;;;;5;Angers;Saint-Étienne;43.30% - 40.16%
Mouanga Kevin;D;1;0.00;0.00;0;;;;;;;;;;;;;;;;;;;;;;;Angers;Saint-Étienne;43.30% - 40.16%
Ould Khaled Zinédine;M;2;0.00{5.50};0.00;0;;;;;;;;;;;;;;;;2;4.5;3;-5;;;;Angers;Saint-Étienne;43.30% - 40.16%
Pavlovic Mateo;D;6;4.63/8(6.00){4.83/12};1.43{1.23};0;6;;;;;5.5;6;;;;;;;;;;;;;;4.5;;Angers;Saint-Étienne;43.30% - 40.16%
Pereira Lage Mathias;M;14;5.24/21(5.28/20){5.12/26};0.70{0.73};3;5.5J;-5;-5;(4.5);-5;-5;5.5;-5;5.5;7*;5J;7*J;-5;;;;;;;;;5;Angers;Saint-Étienne;43.30% - 40.16%
Petkovic Danijel;G;3;0.00{6.00/2};0.00{1.41};0;;;;;;;;;;;;;;;;;;;;;;;Angers;Saint-Étienne;43.30% - 40.16%
Taibi Waniss;M;1;0.00;0.00;0;;;;;;;;;;;;;;-5;(4.5);4;6*;-5;-4;5.5;7;;Angers;Saint-Étienne;43.30% - 40.16%
Thioub Sada;A;10;5.05/21{5.06/27};0.82{0.75};1;;;5;(4.5);-5;5;-5;5;;;5.5;7;-5;6;4.5J;;;;5;4.5;6;;Angers;Saint-Étienne;43.30% - 40.16%
Thomas Romain;D;15;5.06/24(4.58/6){5.17/29};1.07(1.02){1.06};3{4};5.5;4;5.5;3.5;3.5;5.5;;4;5.5;4.5;5;6;4J;6;5J;4*;5.5*;3;6;4;7*;5.5;Angers;Saint-Étienne;43.30% - 40.16%
Traoré Ismael;D;16;5.02/27(4.30/5){5.05/32};1.10(1.15){1.06};3;6;4.5;4.5;3;3.5;;6;4;5.5;5.5J;5;7.5;4.5;(6.5);4J;6;5.5;-6;-4;;;6;Angers;Saint-Étienne;43.30% - 40.16%
Adli Yacine;M;13;5.14/25(5.00){5.12/30};1.10{1.03};1;5J;;4;5;4;4.5;6;5.5;-6;(7*);-5;(4.5);3;;;-6;;;;;;4.5/6;Bordeaux;Dijon;53.70% - 49.02%
Bakwa Dilane;A;5;4.75/6;0.61;0;;;;;(4.5);(4.5);;;;;;;;6;4;7*;6;5†;5;7*J;6;6;Bordeaux;Dijon;53.70% - 49.02%
Basic Toma;M;14;5.20/25{5.32/30};1.15{1.09};4{5};;;;5.5;4;3.5;5.5;5.5;5.5;3.5;5.5;4.5;3;5.5;3.5;(5.5);;2;6;6.5;6;05-juil;Bordeaux;Dijon;53.70% - 49.02%
Baysse Paul;D;12;5.13/23;1.25;1;;4;;5.5;4.5;3.5;4.5;5.5;6;6;6;;;7;4;;;;;;;5.5;Bordeaux;Dijon;53.70% - 49.02%
Ben Arfa Hatem;M;14;5.32/19(4.75/8){5.13/24};1.36(1.00){1.29};2;(5.5);(4.5);4.5;5;3.5J;3.5J;6.5;5;7.5*;7;7*;5;3;6;3.5†;6;6;4.5J;5;5.5;;;Bordeaux;Dijon;53.70% - 49.02%
Benito Loris;D;11;4.91/23(5.00){4.89/28};1.05{1.00};0;5;;3.5;5.5;4;3.5;4.5;5;6;(5.5);;4;3;;;;;;;;;04-juin;Bordeaux;Dijon;53.70% - 49.02%
Bessile Loic;D;1;0.00;0.00;0;;;;;;;;;;;;;;(6*);(5.5);(4.5);-5;5;-4;-4;(4.5);;Bordeaux;Dijon;53.70% - 49.02%
Briand Jimmy;A;6;4.55/20(4.50){4.63/23};0.51{0.57};1{2};(4.5);;(4.5);;-4;;;;(4.5);(4.5);(4.5);(4.5);-4;;;;;;;;;6/4.5;Bordeaux;Dijon;53.70% - 49.02%
Cardoso David;D;1;0.00;0.00;0;;;;;;;;;;;;;;6;5;6;6;5.5;6;6;6;;Bordeaux;Dijon;53.70% - 49.02%
Costil Benoît;G;18;5.36/28(4.70/5){5.34/34};1.06(0.67){1.01};0;5;5;4;5.5;4;3.5;4.5;6;6.5;7;6;4;3;4.5;4;5;6;6;4.5;5;6J;06-avr;Bordeaux;Dijon;53.70% - 49.02%
de Preville Nicolas;A;10;4.72/25(4.50){4.92/30};0.61{0.83};0{1};(4.5);;(4.5);-5;4.5;(4.5);(4.5);(4.5);-5;-5;;(4.5);-4;;;;;;;;;4.5/5;Bordeaux;Dijon;53.70% - 49.02%
Diarra Ibrahim;A;1;0.00;0.00;0;;;;;;;;;;;;;;5;-5;(4.5);-5;4.5;4;6.5;5;;Bordeaux;Dijon;53.70% - 49.02%
Hwang Ui-Jo;A;18;5.02/26(5.12/17){5.08/32};1.06(1.21){1.05};6{9};4;4;4.5;4.5;5.5*;3;4;8**;5.5;5;;;4;;;;;;;;;7/4.5;Bordeaux;Dijon;53.70% - 49.02%
Jovanovic Vukasin;D;3;0.00{5.50};0.00;0;;;;;;;;;;;;;;;;7*;5;(6*);5;-5;(4.5);;Bordeaux;Dijon;53.70% - 49.02%
Kalu Samuel;M;13;5.21/17(4.88/4){5.23/20};0.71(0.48){0.66};4;5;5.5*;4.5J;(4.5);;5;6*;5;;;5.5;;;;;6;5.5;5.5;6;7.5;6;7;Bordeaux;Dijon;53.70% - 49.02%
Koscielny Laurent;D;14;5.43/21(5.32/11){5.23/26};0.94(0.87){0.97};0;6;4.5J;5;6;5J;4;4;6J;;5;6;4;4;;;;-5;;;;(5.5);3.5/6;Bordeaux;Dijon;53.70% - 49.02%
Kwateng Enock;D;8;4.88/13{4.68/17};0.82{0.93};0;;;5;6.5;5;3;;;;4.5;5.5;4;-5;;;;;;;;;;Bordeaux;Dijon;53.70% - 49.02%
Lacoux Tom;M;8;4.71/7(4.50/2);0.39(0.71);0;-5;4;;-5;(4.5);(4.5);-5;-5;;;;;;4.5J;(6.5*);4;4.5;-4;-5;6.5*;5;;Bordeaux;Dijon;53.70% - 49.02%
Lima Semedo Darren;G;1;0.00;0.00;0;;;;;;;;;5;5.5;4.5;4;;;;;;;;;;;Bordeaux;Dijon;53.70% - 49.02%
Mara Sékou;A;1;4.50;0.00;0;;(4.5);;;;;;;;;;;;;;;;;;;;;Bordeaux;Dijon;53.70% - 49.02%
Mexer;D;4;4.17/3{4.38/4};1.15{1.03};0;5.5;3.5;3.5;;;;;;;;;;;;;;;;;;;;Bordeaux;Dijon;53.70% - 49.02%
Otávio;M;10;5.53/18{5.59/23};1.08{1.04};1;;;;;;;;;;;;;;4J;4.5;;6;5.5;5.5;7;6.5;5.5;Bordeaux;Dijon;53.70% - 49.02%
Oudin Remi;M;17;5.41/28{5.44/33};1.13{1.08};4{5};5J;4;5.5;6;3.5;4.5;6;6.5;5.5;5J;6;5;3.5;(7*);5;7.5*;(4.5);4.5;5.5;7J;(5.5);6.5/7.5;Bordeaux;Dijon;53.70% - 49.02%
Poundjé Maxime;D;6;5.00/11;0.32;0;;;-5;;;;-5;(5.5);(4.5);-5;(4.5);4.5;4.5;7;2.5°;6J;5.5;(5.5);;;;;Bordeaux;Dijon;53.70% - 49.02%
Poussin Gaëtan;G;7;0.00;0.00;0;;;;;;;;;6;;;4;3;;-5;;;;-5;-5;5.5;;Bordeaux;Dijon;53.70% - 49.02%
Rouyard Davy;G;1;0.00;0.00;0;;;;;;;;;-5;;;;;;;;;;;;;;Bordeaux;Dijon;53.70% - 49.02%
Sabaly Youssouf;D;9;4.89/23(5.00/2){4.83/29};0.90;0;5;5;;;;;4.5;4.5;;;;;;;;;;;;;;4/5.5;Bordeaux;Dijon;53.70% - 49.02%
Seri Jean Michael;M;9;4.80/5;0.27;0;4.5J;5;4.5;5;-5;;;;;;;;;6;2.5;5.5;5J;4.5;4.5;5J;5.5;;Bordeaux;Dijon;53.70% - 49.02%
Sow Ismael;D;1;0.00;0.00;0;;;;;;;;;5.5;5;6;;3.5;;;;;;;;;;Bordeaux;Dijon;53.70% - 49.02%
Traoré Amadou;A;7;4.59/11(4.50);0.58;0;(4.5);;-5;;(4.5);(4.5);(4.5);-4;;;;;;-5;;;;;;;;;Bordeaux;Dijon;53.70% - 49.02%
Zerkane Mehdi;M;8;4.86/18(5.00/4);0.66(0.91);0;4;4.5;(5.5);-6;;;;;;;-4;;;-5;(5.5);-5;;;;;4;5;Bordeaux;Dijon;53.70% - 49.02%
Baal Ludovic;D;4;4.50/5{4.57/7};1.27{1.06};0;;;;;;;-5;;5.5;5;5;5;-4;;3.5;;;;;3.5;;3.5;Brest;Marseille;27.00% - 26.46%
Bain Denys;D;3;0.00;0.00;0;;;;;;;;;;;;;;;;;;;;;;;Brest;Marseille;27.00% - 26.46%
Bangoura Cheick Djibril;M;3;0.00;0.00;0;;;;;;;;;;;;;;;;;;;;;;;Brest;Marseille;27.00% - 26.46%
Battocchio Cristian;M;6;4.93/15{4.90/21};0.59{0.58};0;;;;;;;;;;;;;;3.5;;;-5;(4.5);-6;;(4.5);;Brest;Marseille;27.00% - 26.46%
Belkebla Haris;M;14;5.06/27(5.04/13){5.17/33};0.92(0.78){0.90};0;-5;5;4.5J;5J;6;5.5;3.5;6;(5.5);(5.5);-5;-5;-5;4;5.5;5.5J;4.5;4.5J;4.5†;4;3.5;4;Brest;Marseille;27.00% - 26.46%
Benvindo Killian;M;1;0.00;0.00;0;;;;;;;;;4.5J;7;7;6;5;;;;;;;;;;Brest;Marseille;27.00% - 26.46%
Brassier Lilian;D;4;5.13/4(5.00/2){5.00/8};0.48(0.71){0.53};0;5.5J;4.5;;;;5;;;;;;;;;;;;;;;;;Brest;Marseille;27.00% - 26.46%
Cardona Irvin;A;14;4.77/26(5.50/3){4.81/32};1.27(0.87){1.20};8{9};6*;(4.5);6*;;5;-4;6*;(4.5);;;5.5;;;(4.5);(4.5);;-4;-6;(6*);4;2.5;4;Brest;Marseille;27.00% - 26.46%
Charbonnier Gaëtan;A;11;4.91/27(5.00/3){4.88/33};0.90(0.50){0.86};4{5};5.5J;(4.5);-5;;5.5;(6*);(4.5);(4.5);3.5;7.5**J;7*;6*;3.5;4.5J;4;6;6*;5.5;7;7*;-4;7;Brest;Marseille;27.00% - 26.46%
Chardonnet Brendan;D;14;5.26/23(5.35/17){5.22/29};0.96(1.01){0.91};2;6;4.5;7*;6;6;4.5;3.5;5;(4.5);-4;-4;(4.5);-4;;;6;;-5;-5;;3.5;;Brest;Marseille;27.00% - 26.46%
Cibois Sebastien;G;10;4.83/3;1.61;0;;;3;5.5;6;;;;4.5;6;;5.5;5;;;;;;;;;;Brest;Marseille;27.00% - 26.46%
Dioh Idrissa;M;1;0.00;0.00;0;;;;;;;;;;;;;;;;;;;;;;;Brest;Marseille;27.00% - 26.46%
Duverne Jean-Kevin;D;9;4.45/21{4.56/27};1.19{1.09};1;;;;;;;3.5;;;;;;;4.5;3J;5.5;3.5;5;6;3.5;2J;3.5;Brest;Marseille;27.00% - 26.46%
Fadiga Bandiougou;M;4;4.71/7;0.27;0;;;(4.5);;;;;;4J;6;7*;5.5;4;4;6*;7.5*;5.5;5.5;6.5;7*;5;;Brest;Marseille;27.00% - 26.46%
Faivre Romain;M;26;5.89/28;1.09;5;-5;5.5;5.5;5.5;7.5*;-4;4.5;5.5;5.5;8;7.5;6;5;3;-5;;;6.5;(5.5);-6;3;7;Brest;Marseille;27.00% - 26.46%
Faussurier Julien;D;8;4.96/13(5.17/3){4.93/14};1.07(0.29){1.04};0;5;-5;(5.5);;5;-6;-5;;;;;;4;4.5;3;;4.5;4.5°;6;;;6;Brest;Marseille;27.00% - 26.46%
Hassen Mouez;G;1;0.00;0.00;0;;;;;;;;;;;;;;;(4.5);;;;;(4.5);-4;;Brest;Marseille;27.00% - 26.46%
Herelle Christophe;D;10;4.72/16{4.90/21};0.75{0.89};0{1};;;4;5.5;4.5;4.5;;5;(4.5);;;;;(4.5);-5;(4.5);(4.5);(7*);;5.5;4.5;;Brest;Marseille;27.00% - 26.46%
Honorat Franck;M;19;5.67/27(5.72/25){5.56/32};1.14(1.16){1.10};8;7.5*;4.5;6;5;-6;3.5;7.5*;6;5;7;7.5*;6;6*J;3.5;4.5;6;4;4;6.5;4;2.5;5.5;Brest;Marseille;27.00% - 26.46%
Jean Lucas;M;10;4.97/16(6.25/2);0.90(1.77){0.87};0;7.5;5;;5.5;6;3.5;(4.5);(4.5);6;7.5;5;6J;6;(4.5);;6.5;(4.5);;;;;;Brest;Marseille;27.00% - 26.46%
Larsonneur Gautier;G;15;5.20/25(6.00/2){5.24/31};1.46(1.41){1.33};0;5;7;;;;2.5;3.5;4.5;5;6;4.5;4;;4;-4;5;6.5;5;5.5;(4.5);3.5;4;Brest;Marseille;27.00% - 26.46%
Lasne Paul;M;13;5.05/20(5.14/11){5.10/24};0.87(0.90){0.90};0{1};5.5;5.5;3.5;5;6;6;5;5.5;-4;(4.5);-4;(4.5);(4.5);;4.5;-5;;;;(4.5);;;Brest;Marseille;27.00% - 26.46%
Le Douaron Jeremy;A;10;4.63/20(4.50);0.70;1;(4.5);;(4.5);(4.5);(4.5);(6*);(4.5);;;;-5;;;;;;;(4.5);-6;(4.5);-5;4.5;Brest;Marseille;27.00% - 26.46%
M Bock Hianga a;M;5;4.90/10;0.46;0;;;;;;;;;;;-5;;5;3.5;4.5;5J;5.5*;7*;;;;4.5;Brest;Marseille;27.00% - 26.46%
Magnetti Hugo;M;5;4.83/6{4.95/10};0.26{0.28};0;;;;;;;;;4;5;6.5*;6;6;;;;;;;;;4.5;Brest;Marseille;27.00% - 26.46%
Mounie Steve;A;18;5.24/25(5.50/5);1.10(1.12);7;7*;4;5.5;5;(6*);4;5;3.5;;;;;;4;3.5;6.5;4.5;7.5*;8*;4;;;Brest;Marseille;27.00% - 26.46%
NGoma Ferris;M;3;0.00;0.00;0;;;;;;;;;5;5;7;8*;4.5J;(4.5);4;;-5;;4;5;8*;;Brest;Marseille;27.00% - 26.46%
Perraud Romain;D;15;5.13/26(4.80/5){5.11/31};1.36(1.15){1.26};3;4.5J;3;5;5.5;6;;3.5;4.5;;;;;-5;;;5.5;4.5;;5;4;3;4;Brest;Marseille;27.00% - 26.46%
Philippoteaux Romain;M;9;5.03/16{5.11/22};1.06{1.03};2{3};;(4.5);;;;5;;4.5;5J;6;5.5;7*;;;;;;;;;;;Brest;Marseille;27.00% - 26.46%
Pierre-Gabriel Ronaël;D;11;4.89/22(4.75/4);0.92(0.50);1;-5;5;4;5;;5;3;4.5;;;;;;4.5;5J;4;5.5;7;6;4.5;6.5;4;Brest;Marseille;27.00% - 26.46%
Allagbe Saturnin;G;7;4.50/4{5.25/10};0.41{0.98};0;;;;;;;;;;;;;4.5;;;;;;;3.5;(5.5);4;Dijon;Bordeaux;46.30% - 29.24%
Arli Amir;M;1;0.00;0.00;0;;;;;;;;;;;;;;;;;;;;;;;Dijon;Bordeaux;46.30% - 29.24%
Assalé Roger;A;6;4.73/11(5.25/2){4.92/25};0.61(1.06){0.83};1{3};6*;(4.5);;;;;5;-5;;(4.5);4.5;5;4.5;;;3.5;5;;;;;3.5;Dijon;Bordeaux;46.30% - 29.24%
Benzia Yassine;M;4;5.00{5.13/4};0.00{0.48};0;-5;;;;;;;;;;;;;;;;;;;;;4.5;Dijon;Bordeaux;46.30% - 29.24%
Boey Sacha;D;9;4.64/22{4.71/24};0.58{0.62};0;;4;4.5;5;3.5;(4.5);4.5;4.5;5;5.5;(4.5);4;5J;4.5;;4.5;;;;;3.5;;Dijon;Bordeaux;46.30% - 29.24%
Celina Bersant;M;11;5.07/23(5.05/19);0.93(0.94);0;4;3J;(4.5);4;5;(5.5);6;4;5.5;5.5;5.5;5.5;;-5;;-5;6.5;4;;;;5;Dijon;Bordeaux;46.30% - 29.24%
Chafik Fouad;D;8;4.69/16(3.00){4.68/19};0.79{0.75};0;3;;-5;;-5;5;-5;;;;5;5;5.5;(4.5);5J;3;6J;4.5;4;4.5;;3;Dijon;Bordeaux;46.30% - 29.24%
Chalá Aníbal;D;4;4.43/7;0.61;0;;;-5;-5;;;;;;;;;;;4;3.5;5;4.5;4;;;3.5;Dijon;Bordeaux;46.30% - 29.24%
Chouiar Mounir;M;8;4.72/20{4.96/24};0.62{0.91};0{2};;;5;4;4;(4.5);;-5;5;4;;5.5;-5;5;6.5;4J;-5;(4.5);;4.5;4.5;08-avr;Dijon;Bordeaux;46.30% - 29.24%
Dobre Mihai-Alexandru;M;8;4.97/16;0.46;0;;(4.5);-5;;-5;;-5;;-5;;;;;;-5;;;;3.5;-5;-5;;Dijon;Bordeaux;46.30% - 29.24%
Ebimbe Éric;M;12;4.82/25(3.75/2){4.81/29};0.96(1.06){0.98};1{2};(4.5);3J;;-5;4.5;4;-6;5;5;6;;;5;3.5;6;4J;6*J;4;3.5;5;4;4;Dijon;Bordeaux;46.30% - 29.24%
Ecuele Manga Bruno;D;12;5.11/28{4.96/34};1.02{1.07};2;4;4;5;3.5;3.5;5.5;5.5;5.5;6;6.5;6;5.5;7;3.5;5;3.5;7*;5;5;4;5.5;4/3.5;Dijon;Bordeaux;46.30% - 29.24%
Kamara Aboubakar;A;2;3.75/2{4.04/13};1.06{0.90};0;;;3;4.5;;;;;(4.5);-4;3.5;-5;4;4.5;4;(4.5);-5;-4;-4;3°;5.5;;Dijon;Bordeaux;46.30% - 29.24%
Konaté Moussa;A;14;4.38/21{4.27/26};1.12{1.07};4;(4.5);3.5;-4;(4.5);(5.5*);4;-5;-4;;;5;5;4.5;2.5;6*;3.5†;5;;;;;;Dijon;Bordeaux;46.30% - 29.24%
Lautoa Wesley;D;8;4.55/20(4.00){4.62/25};0.60{0.67};0;4;;4;5;5;4.5;5.5;4.5;5;8**;4;7*;5;;-5;;-5;4.5;4.5;4;4.5;5.5/4.5;Dijon;Bordeaux;46.30% - 29.24%
Mama Baldé;M;12;4.81/21(3.75/2){4.91/27};1.37(1.06){1.32};6{7};4.5;3;;4;4;-5;4.5;3.5;;-5;(4.5);;4.5;3.5;(4.5);;-5;;;;5;4.5/3.5;Dijon;Bordeaux;46.30% - 29.24%
Marié Jordan;M;6;4.69/16{4.72/20};0.40{0.44};0;;(4.5);4;;;(4.5);5;;4.5;7*J;4.5;-5;-5;4.5;5.5J;4;5;5.5;4.5J;5J;5.5;5;Dijon;Bordeaux;46.30% - 29.24%
Muzinga Ngonda;D;10;4.71/24(4.68/22){4.66/25};0.83(0.87){0.85};2;3;4;5*;4;4;5;5J;5J;5.5;6;5;4.5;;;;;;;;3;4.5;;Dijon;Bordeaux;46.30% - 29.24%
Ndong Didier;M;14;5.27/26(5.00);0.74{0.77};0;5;;4.5;5.5;5;7;5;5;;;;;;;;;;;;;;06-avr;Dijon;Bordeaux;46.30% - 29.24%
Ngouyamsa Ahmad Toure;D;4;3.75/2;1.06;0;;;;;;;;;;;;;;3J;6;4J;4.5J;5.5;4.5†;(4.5);;;Dijon;Bordeaux;46.30% - 29.24%
Ntumba Lévi;G;1;0.00;0.00;0;;;;;;;;;6;7;;;6;(4.5);-5;4;4.5;;3.5;;4.5;;Dijon;Bordeaux;46.30% - 29.24%
Panzo Jonathan;D;6;4.84/16;1.06;0;;4;4;;;;5.5;;5;6J;;-5;(4.5);;;;;;;;;4;Dijon;Bordeaux;46.30% - 29.24%
Pape Cheikh Diop Gueye;M;9;4.88/20{4.87/23};0.60{0.57};0;;5;;;-6;5.5;;-5;6;7;4;7;;;;;;;;;;4;Dijon;Bordeaux;46.30% - 29.24%
Racioppi Anthony;G;14;5.13/19;1.41;0;3;3;4.5;4.5;5;7;5;5;;;;;;;5;-5;-5;4.5;-5;(5.5);(4.5);;Dijon;Bordeaux;46.30% - 29.24%
Racovitan Bogdan;D;1;0.00;0.00;0;;;;;;;;;-5;;(5.5);;;(4.5);-4;-4;;4;;5*;4;;Dijon;Bordeaux;46.30% - 29.24%
Sammaritano Frédéric;M;11;4.91/23(4.50/2){4.96/26};0.62(0.71){0.66};0;4;-5;;(3.5);(5.5);3.5;-5;5;;;(4.5);;-5;;;;;;;;;5;Dijon;Bordeaux;46.30% - 29.24%
Senou Coulibaly;D;14;4.58/13(3.75/6){4.54/14};1.27(0.76){1.23};2;3;3;4;3.5;4*JR;5J;;7*;;;5;5.5;;;;;;-5;(4.5);;;;Dijon;Bordeaux;46.30% - 29.24%
Younoussa Wilitty;M;4;4.75/2;0.35;0;;;;;;;;;;;;;;;;;;;;;;;Dijon;Bordeaux;46.30% - 29.24%
Zagre Arthur;D;1;0.00;0.00;0;;;;;;;;;;;;;;;3;6;5.5;;4;6;5;;Dijon;Bordeaux;46.30% - 29.24%
Bade Loic;D;10;4.96/23(5.14/7){4.88/26};0.90(0.63){0.89};0;6;4.5;5J;6;5;(4.5);-5;;5.5J;4;6.5;3.5J;[5];;-5;-5;-5;(4.5);;5;(4.5);4.5;Lens;Metz;57.10% - 51.02%
Banza Simon;A;9;4.90/26(4.70/15){4.87/31};0.85(0.84){0.95};4{5};(4.5);4.5;(6*);4.5;-4;5.5;4.5J;-4;;(4.5);(4.5);6*;[5];;;;;;;;;4.5;Lens;Metz;57.10% - 51.02%
Boura Ismael;D;7;4.82/14;0.61;0;;-5;;;;;;4.5;;;;;[5];;;;;;;;;;Lens;Metz;57.10% - 51.02%
Cahuzac Yannick;M;10;5.24/21(5.50){5.31/26};0.62{0.72};0;5.5;;(4.5);;6;;-5;4.5;;;;;[5];;(5.5);;-5;-5;5;-5;4;4.5;Lens;Metz;57.10% - 51.02%
Cheick Traoré;D;3;0.00{5.00/2};0.00{0.71};0;;;;;;;;;;;;4.5;[5];;5;5.5;5.5;5.5;5;(5.5);5;;Lens;Metz;57.10% - 51.02%
Clauss Jonathan;M;12;5.28/23(5.64/11);0.93(0.87);1;5;7.5*;6;6.5;-5;5.5;5;-5;6J;;6.5;;[5];;4;6;5.5;5.5;5.5;6;4;4;Lens;Metz;57.10% - 51.02%
Diallo Zakaria;D;3;0.00{5.17/6};0.00{0.93};0;;;;;;;;;;5;-5;4.5;[5];;;;;;;;;;Lens;Metz;57.10% - 51.02%
Diawara Kandet;M;1;0.00;0.00;0;;;;;;;;;;;;;[5];;4;7;5;6;4.5;;;;Lens;Metz;57.10% - 51.02%
Doucoure Cheick Oumar;M;16;5.46/24{5.33/30};0.90{0.96};2{3};;5;5;6;6;5.5;8*;4.5;5;4;5;5;[5];;;;;;;;;5;Lens;Metz;57.10% - 51.02%
Fariñez Wuilker;G;7;5.00;0.00;0;;;;;;;;;;;;;[5];;;;;;;;;;Lens;Metz;57.10% - 51.02%
Fofana Seko;M;15;5.45/22{5.58/37};0.75(0.77){0.77};1{3};6;5;5.5*;5;6;5J;5.5;(5.5);;;;;[5];;;;;;;;;5.5;Lens;Metz;57.10% - 51.02%
Ganago Ignatius;A;10;5.19/18{5.10/24};1.32{1.21};5;;;;;;;;4;;;;;[5];;;;;;;;;4.5;Lens;Metz;57.10% - 51.02%
Gradit Jonathan;D;8;4.88/24(5.40/5);0.96(0.65);0;5;6;5.5;6;4.5;;;4.5;;;;;[5];;;;;(5.5);;;;4.5;Lens;Metz;57.10% - 51.02%
Jean Corentin;A;6;4.59/16{4.75/22};0.55{0.67};0{2};;-4;;(4.5);;(4.5);;;7;4;5;(5.5);[5];;;6;7*;8*;(6.5*);6.5*;4;4.5;Lens;Metz;57.10% - 51.02%
Kakuta Gaël;M;25;5.52/26{5.48/32};1.09{1.08};9{10};;4;4.5;4;;4.5;7*;4;(7*);-5;-5;;[5];;3;5.5;4;4;5.5;5.5;4;4;Lens;Metz;57.10% - 51.02%
Kalimuendo Arnaud;A;13;5.00/21(5.67/3);1.05(1.53);6;7*;(6*);4;;4;-5;(4.5);(4.5);6J;3.5;6;;[5];;3.5;-4;-5;(4.5);5;(4.5);-5;4.5;Lens;Metz;57.10% - 51.02%
Leca Jean-Louis;G;16;5.21/28(4.83/3){5.26/34};1.06(0.76){1.02};0;5;4;5.5;6;6;4.5;7;4.5;;(4.5);5;-6;[5];;4;6.5*;6;7*;7*;5.5;6.5*;4;Lens;Metz;57.10% - 51.02%
Massadio Haidara;D;9;5.17/18(5.50/4){5.09/22};1.03(0.71){0.97};0;6.5;5;5J;5.5;;5;5.5;;7;5;(5.5);4.5;[5];;3;6;5.5;5.5;5;6;4;5;Lens;Metz;57.10% - 51.02%
Mauricio Tony;M;9;5.17/21(5.25/4){5.07/27};0.33(0.29){0.45};0;5.5;-5;(5.5);-5;;-5;-5;-5;7;4.5;6.5;3.5;[5];;3;5.5;;;;;;5;Lens;Metz;57.10% - 51.02%
Medina Facundo;D;12;4.92/19(4.50/2);0.99(0.71);2;4;5;;5;6;5.5*;6;4.5;6;4;;;[5];;-5;(5.5);;(4.5);(5.5);-5;-5;;Lens;Metz;57.10% - 51.02%
Michelin Clement;D;10;5.18/20(5.25/8){5.06/25};0.85(0.71){0.92};0;-6;-6;-5;-5;5;4;6;5;-5;-5;;5.5;[5];;;6;4.5;4.5;5.5*;6;3;;Lens;Metz;57.10% - 51.02%
Oudjani Adam;M;1;0.00;0.00;0;;;;;;;;;;3.5;5.5;3°;[5];;(3.5);;;;-5;6;4.5;;Lens;Metz;57.10% - 51.02%
Pereira Da Costa David;M;4;5.13/4(6.00);0.63;1;(6*);;;;;;;;-5;;-5;;[5];;(4.5);;;;;4.5;;;Lens;Metz;57.10% - 51.02%
Sene Cheikh Cory;D;1;0.00;0.00;0;;;;;;;;;6.5*;6*;6*;-5;[5];;;;;;;;;;Lens;Metz;57.10% - 51.02%
Sotoca Florian;A;23;5.20/27(5.08/13);1.20(1.15){1.28};8{11};6*J;4.5;4.5;6*;4;6*;5J;3.5;;;;;[5];;;-5;;;;;;4;Lens;Metz;57.10% - 51.02%
Sow Ansou;A;1;0.00;0.00;0;;;;;;;;;;;;-5;[5];;3;;;;;;;;Lens;Metz;57.10% - 51.02%
Steven Fortes;D;8;4.92/13{4.87/19};0.70{0.90};0;;;5.5;;;4.5;5.5;4.5;;;;;[5];;;;;;;;;;Lens;Metz;57.10% - 51.02%
Sylla Issiaga;D;9;5.11/18{5.00/24};0.87{0.82};1;;;-5;-5;5;;;;;;;;[5];;4;7*;4.5;5;7;-4;4.5;4;Lens;Metz;57.10% - 51.02%
André Benjamin;M;18;5.77/26(5.25/4){5.81/31};0.76(0.87);0{1};6;5.5;5.5;4;7;;5;6;5.5;5J;5.5;8**;[5];;;;;;;;;5.5;Lille;Monaco;63.90% - 33.56%
Ascone Rocco;M;1;0.00;0.00;0;;;;;;;;;;;;;[5];;;;-5;5;;;;;Lille;Monaco;63.90% - 33.56%
Bamba Jonathan;M;25;5.89/28{5.93/34};0.99{0.96};6;-5;5;5.5;5J;6;6;4.5;5.5;;;;4.5;[5];;;;4.5;5;-5;5.5;(5.5);5;Lille;Monaco;63.90% - 33.56%
Botman Sven;D;16;5.52/27(5.67/3);0.53(0.29);0;6;5.5;5.5;;6;5.5;5.5;5.5;4.5;-5;6;(4.5);[5];6;7;6.5;5.5;5.5;4.5;6;6;5.5;Lille;Monaco;63.90% - 33.56%
Bouleghcha Ismail;D;1;0.00;0.00;0;;;;;;;;;5.5;6.5;7;;5.5;6;8*;6.5;5.5;6.5;5.5;7*;7*;;Lille;Monaco;63.90% - 33.56%
Bradaric Domagoj;D;9;5.18/19{5.27/22};0.89{0.88};1;;;(6*);;(5.5);;5.5;;5;-5;7.5;4;7*;4.5J;6;6;6.5;5.5;6;6;5;4.5;Lille;Monaco;63.90% - 33.56%
Camara Aguibou;A;1;0.00;0.00;0;;;;;;;;;5.5;5;6;5;5;5;6;6;5;5J;7J;5.5;-4;;Lille;Monaco;63.90% - 33.56%
Chevalier Lucas;G;1;0.00;0.00;0;;;;;;;;;(4.5);4J;6.5;3.5;;;;;;;;;;;Lille;Monaco;63.90% - 33.56%
David Jonathan;A;22;5.18/28;1.19;9;8**;4;5;4;7.5**;(6.5*);4;6*;;;;;;(4.5);5;5;5;5;5;4;5;6;Lille;Monaco;63.90% - 33.56%
Ikoné Jonathan;M;14;5.20/28{5.29/34};0.84{0.88};4;6.5;5;7*;4;5;6;(4.5);(5.5);6*;(4.5);8*;(4.5);(4.5);;;;;;;;;6;Lille;Monaco;63.90% - 33.56%
Innocenti Nassim;D;1;0.00;0.00;0;;;;;;;;;;;;;;4;(6*);-5;-5;-5;5.5;4.5;5;;Lille;Monaco;63.90% - 33.56%
José Fonte;D;21;5.83/27(5.94/17){5.80/33};0.73(0.70){0.71};3;6;6*;7.5*;6;6;6;6;5.5;6;6*;-5;3.5;4;;;;;;;;;5.5;Lille;Monaco;63.90% - 33.56%
Kapi Mustafa;M;1;0.00;0.00;0;;;;;;;;;;;;;;5J;7;6;6;6;6;6;5.5;;Lille;Monaco;63.90% - 33.56%
Karnezis Orestis;G;7;0.00;0.00;0;;;;;;;;;5.5;6;;4.5;4.5;;;;;;;;;;Lille;Monaco;63.90% - 33.56%
Lihadji Isaac;A;8;4.67/15;0.45;0;;(4.5);;(4.5);(4.5);(4.5);;;;;;;;(4.5);;-5;-5;;;;;4.5;Lille;Monaco;63.90% - 33.56%
Luiz Araújo;A;13;5.55/20(5.17/9){5.40/25};0.84(0.61){0.82};3;(4.5);4.5;6;4.5;5.5;-6;5.5;5;(4.5);5;-6;-4;(4.5);6.5J;6.5;5J;6;7*;(6*);(4.5);(4.5);;Lille;Monaco;63.90% - 33.56%
Maignan Mike;G;25;5.66/28{5.72/34};0.71{0.67};0;6;5.5;5;5.5;5.5;7;6;6;;6;7*;;5.5;5J;6;6;7;4.5;6;6;6;6;Lille;Monaco;63.90% - 33.56%
Ouro-Sama Hakim;D;1;0.00;0.00;0;;;;;;;;;6;6;6;6;5;;;;;;;;;;Lille;Monaco;63.90% - 33.56%
Pied Jérémy;D;4;4.80/5;0.27;0;;4.5;;;;;;;;;;;;;;;;;;;;;Lille;Monaco;63.90% - 33.56%
Pizzuto Eugenio;M;2;0.00;0.00;0;;;;;;;;;;;;;;;;;;;;;;;Lille;Monaco;63.90% - 33.56%
Reinildo;D;10;5.03/19(5.17/6){4.93/23};0.63(0.93){0.71};0;5;4.5;5;5;4.5;7;;5;;;;;;;;;;;5;-5;;5.5;Lille;Monaco;63.90% - 33.56%
Renato Sanches;M;14;5.38/16(5.50){5.57/22};0.92{1.02};1{3};5.5;;(4.5);-5;(5.5);5;-5;-5;;;5;4.5;;;;;;;;;;;Lille;Monaco;63.90% - 33.56%
Simbakoli Mamadou;A;1;0.00;0.00;0;;;;;;;;;;;;;;;;;;-5;;;3.5;;Lille;Monaco;63.90% - 33.56%
Soumaré Boubakary;M;12;5.11/22{5.09/23};0.65;0;;4;;;6.5;-5;5;5;5.5;-5;;-5;5;6;7;8*;5;(4.5);;;5;6;Lille;Monaco;63.90% - 33.56%
Tiago Djaló;D;10;5.00/14{4.90/15};0.48{0.60};0;;(5.5);;5.5;;-5;-5;-5;;;;5;5;;-5;;;;;;;5;Lille;Monaco;63.90% - 33.56%
Weah Timothy;A;14;4.80/22(4.94/16){4.78/23};0.70(0.77){0.69};3;5.5;(4.5);(4.5);-5;(4.5);6.5*;(4.5);(4.5);;;6.5;;-5;-5;-5;;-5;5;4.5;;-5;4.5;Lille;Monaco;63.90% - 33.56%
Xeka;M;12;5.33/24(5.21/7){5.29/28};0.83(0.76){0.77};0;(4.5);(4.5);6.5;5;-5;6J;-5;;6J;6;-6;4;;;;;;;;;;5;Lille;Monaco;63.90% - 33.56%
Yazici Yusuf;M;20;5.48/24(5.25/4);1.02(0.65);7;4.5;(5.5);-6;-5;;6*;6*;5;5J;5.5;-5;;;;;(4.5);;-4;(4.5);(4.5);;6;Lille;Monaco;63.90% - 33.56%
Yilmaz Burak;A;24;5.58/18;1.00;9;;;;;;;;;(4.5);;(4.5);(4.5);;-5;-5;-5;-5;;;7;6.5;6;Lille;Monaco;63.90% - 33.56%
Zekaj Arton;M;2;0.00;0.00;0;;;;;;;;;-5;-5;6.5J;(4.5);;-5;(6.5*);-5;-5;;-5;-5;(4.5);;Lille;Monaco;63.90% - 33.56%
Zeki Çelik Mehmet;D;11;5.18/20(5.00){5.10/26};0.88{0.81};1;5;;5;5;5;5.5;5.5;4.5;(6*);-5;9**;5;(5.5);6*J;7*;7*;6*;4;5;4.5;-4;;Lille;Monaco;63.90% - 33.56%
Abergel Laurent;D;15;5.23/28{5.24/34};1.03{0.99};2;5.5;5;(5.5);6;7*;-5;8*J;5.5;6;5.5;;7**;6;;;;;;;;;4.5;Lorient;Nice;33.90% - 41.84%
Bartouche Teddy;G;1;0.00;0.00;0;;;;;;;;;;;;;;5J;6.5;8*;5.5;5;-5;5.5†J;4.5;;Lorient;Nice;33.90% - 41.84%
Boisgard Quentin;M;13;5.29/21{5.27/26};0.73{0.70};2{3};;5;-5;(5.5);6;(6.5*);;5;;;;;4°;6;5.5;4J;4.5;6.5;-5;5;(5.5);6;Lorient;Nice;33.90% - 41.84%
Callens Thomas;G;2;0.00;0.00;0;;;;;;;;;4.5;5;4;4.5J;5.5;;;;;;;;;;Lorient;Nice;33.90% - 41.84%
Chalobah Trevoh;M;9;4.92/19(4.50/4);0.95(0.91);1;5.5J;5J;3.5;-4;;5.5;-6;;;;;;;5.5J;5.5;;;4.5;5;4;6.5;;Lorient;Nice;33.90% - 41.84%
Delaplace Jonathan;M;10;4.66/16{4.65/17};0.87{0.84};0;;;3;-5;-5;5;-5;;-5;4.5;;;5.5;;;(4.5);;(4.5);(4.5);(4.5);;5;Lorient;Nice;33.90% - 41.84%
Diarra Stéphane;A;4;4.65/10{4.93/14};0.63{0.87};0;;;;;;;;-5;;;;;;;;;;;;;;;Lorient;Nice;33.90% - 41.84%
Dreyer Matthieu;G;13;5.00/10;1.00;0;5.5;5;3;5J;6.5;6;4.5;5;;;;;;5.5;6;;;;-5;;;;Lorient;Nice;33.90% - 41.84%
Etienne Yoann;D;1;0.00;0.00;0;;;;;;;;;5;4;3.5;5;;-5;-5;;(5.5);;;;;;Lorient;Nice;33.90% - 41.84%
Fontaine Thomas;D;4;4.38/4{4.45/10};1.11{0.90};0;;;;;;;;;4.5;;;4.5;5.5;-5;;(4.5);;-5;3;-5;5;;Lorient;Nice;33.90% - 41.84%
Gravillon Andreaw;D;13;4.83/20(5.09/11);1.44(1.61);2;4.5J;6;2°;6;7;6;7;3.5;;(4.5);;(4.5);-5;;;;;;;;;;Lorient;Nice;33.90% - 41.84%
Grbic Adrian;A;10;4.66/25(4.83/3){4.90/31};0.81(0.58){0.97};4{5};5.5*;(4.5);(4.5);;(4.5);(4.5);5;(4.5);;;;;;;;3;5.5;4;;;;6;Lorient;Nice;33.90% - 41.84%
Hamel Pierre-Yves;A;10;4.97/17{4.87/23};0.87;4{5};;;;(4.5);;;(4.5);(4.5);;;;;;4J;6;;;;;;;;Lorient;Nice;33.90% - 41.84%
Hergault Jerome;D;10;4.88/12(4.50){4.78/16};0.38{0.45};1;4.5;;4*;5;5;5;5.5;;3.5;5;3;4.5;6;(4.5);(4.5);-5;4.5†;4;6*;3;7*;4.5;Lorient;Nice;33.90% - 41.84%
Laporte Julien;D;10;4.74/21(5.38/8);1.10(0.92){1.04};0;6;6;3.5;5.5;6;4.5;6;5.5J;(4.5);3.5;(4.5);(4.5);4;4;7*†J;6*;(5.5);(5.5);;(4.5);(6*);4;Lorient;Nice;33.90% - 41.84%
Laurienté Armand;M;11;5.18/20(6.00/3){5.25/26};1.12(2.00){1.09};2{3};6;(8**);-4;;5.5;-5;5.5;5;4;(4.5);-5;4;;;;;;;;;;6;Lorient;Nice;33.90% - 41.84%
Le Fée Enzo;M;14;5.15/26(5.18/20){5.20/32};0.80(0.83){0.77};0;7;5.5;3.5;5.5;(5.5);5.5;6J;(4.5);;5;-5;;;5.5;6;3.5;5;;3;4;5;4.5;Lorient;Nice;33.90% - 41.84%
Le Goff Vincent;D;7;4.47/17(4.75/2){4.70/23};0.93(0.35){0.96};0{1};5;4.5;;;;;;5.5;5;4J;3;3;5.5;(4.5);-6;;;;;;;5;Lorient;Nice;33.90% - 41.84%
Lemoine Fabien;M;7;4.86/21(4.75/4);0.79(1.32){0.73};0;6J;(4.5);3J;(5.5);;5;;;4;(4.5);3.5;5J;-6;;;-5;5;5;(4.5);4.5;6.5;5;Lorient;Nice;33.90% - 41.84%
Marveaux Sylvain;M;5;4.83/9{5.04/14};0.56{1.05};0{1};;;;;;;;;(4.5);5J;-5;(4.5);(4.5);;;4.5;5;3;4;4;5;;Lorient;Nice;33.90% - 41.84%
Mendes Houboulang;D;8;4.30/15{4.38/16};0.84{0.87};0;;5;;4.5;5;-5;5;5;5;5;;;;;-5;4;5.5;5;4;4;5.5;;Lorient;Nice;33.90% - 41.84%
Mendy Joris;D;1;0.00;0.00;0;;;;;;;;;5.5;-5;-5;;-5;;;-5;;;5.5;(4.5);-5;;Lorient;Nice;33.90% - 41.84%
Moffi Terem;A;19;4.75/22;1.29;8;(4.5);4.5;3.5;7**;4;4;(6*);3.5J;;;3.5;-5;;4.5J;5;3.5;5;3;3;3.5;4.5;7;Lorient;Nice;33.90% - 41.84%
Monconduit Thomas;M;12;4.93/20{4.78/25};0.47{0.54};1;;4;-5;5;5.5;;5;5;;;3;;;3.5;7*;;;;;;;5.5;Lorient;Nice;33.90% - 41.84%
Morel Jérémy;D;11;4.61/23{4.63/24};1.08{1.06};0;;;5;5.5;5.5;5.5;6;;(4.5);(4.5);3;3.5;4;-5;(4.5);4.5;(4.5);(6*);;;;4.5;Lorient;Nice;33.90% - 41.84%
Mouyokolo Loris;D;1;5.00;0.00;0;;;;;;;;;;;;(4.5);5.5;5;5;4;5;3.5;4;3.5;5.5;;Lorient;Nice;33.90% - 41.84%
Nardi Paul;G;10;4.69/18{4.75/24};1.07{1.08};0;;;;;;;;;;;3;4;5;4;5.5;4.5;6J;4;4.5;4;5;4;Lorient;Nice;33.90% - 41.84%
Saunier Matthieu;D;4;0.00{5.00};0.00;0;;;;;;;;;4;5;5;4;6;;;;;;;;;;Lorient;Nice;33.90% - 41.84%
Tiago Ilori;D;2;0.00;0.00;0;;;;;;;;;;;;;;;;;-5;-5;;;-5;;Lorient;Nice;33.90% - 41.84%
Wadja Franklin;M;4;4.88/4(4.50){4.90/5};0.25{0.22};0;(4.5);;;;;;;;;;;;;5;8*;5J;7*;5;6*;4;7.5*;;Lorient;Nice;33.90% - 41.84%
Wissa Yoane;A;19;5.23/28{5.22/34};1.14{1.10};6{7};-5;(5.5);3.5;6;-5;4.5;(7*);4.5;4.5;5.5;4J;5.5;4;6;7;4;5;6;5.5;4.5;4.5;5;Lorient;Nice;33.90% - 41.84%
Anthony Lopes;G;18;5.43/28{5.37/34};1.06{1.05};0;5.5;5;6;3.5;6;6;5;5.5;7;6;8;5.5°;6;6*;5†;6*;5;;(5.5);;4.5;6;Lyon;Reims;53.40% - 67.57%
Aouar Houssem;M;21;5.59/23(5.71/7){5.52/29};0.79(0.76){0.77};5{6};(7*);5;6.5*;5.5;5.5;5.5;-5;;5.5;;;4.5;6;;;;;;;;;;Lyon;Reims;53.40% - 67.57%
Augarreau Cedric;M;1;0.00;0.00;0;;;;;;;;;;;;;;;;;;;;;;;Lyon;Reims;53.40% - 67.57%
Barcola Malcolm;G;2;0.00;0.00;0;;;;;;;;;;;;;;(3.5);;7;-5;5;;-5;(5.5);;Lyon;Reims;53.40% - 67.57%
Bard Melvin;D;6;5.10/10;0.84;0;;;;;;;;-5;;;5;-5;;;;;;;;;;;Lyon;Reims;53.40% - 67.57%
Benlamri Djamel;D;6;5.10/5;0.65;0;;;;(5.5);(4.5);;;;;;;;-6;-5;;(5.5);6.5;5;5;6;5.5;;Lyon;Reims;53.40% - 67.57%
Bruno Guimarães;M;14;5.50/24(5.25/4){5.56/27};0.68(0.65){0.67};1;4.5;-5;6;(5.5);;6;5.5;6.5;6†;7*;(5.5);4J;-5;-5;;5;;4.5;5.5;6;5;7;Lyon;Reims;53.40% - 67.57%
Camilo;M;1;0.00;0.00;0;;;;;;;;;(4.5);-5;5.5;5J;;;;-5;4;6;-5;-5;-6;;Lyon;Reims;53.40% - 67.57%
Caqueret Maxence;M;10;4.95/20(5.00){4.91/22};0.51{0.50};0;5J;;(4.5);;;-5;4.5;6;(3.5);(5.5);4.5J;;;7;3J;5.5;5;4J;6.5;6.5;4.5;5;Lyon;Reims;53.40% - 67.57%
Cherki Rayan;M;11;5.00/19;0.60{0.57};0;;-5;;(5.5);-5;;;-5;5.5;6J;;5.5;5;-5;(5.5);;;;;;-5;5.5;Lyon;Reims;53.40% - 67.57%
Cornet Maxwel;M;14;5.37/26(5.00/7);0.90(0.65){0.85};1;(4.5);6;(4.5);4.5†;5.5;4.5;(5.5);;5.5;-5;-5;;;(4.5);-4;(4.5);4.5;4;4.5J;5J;-5;6;Lyon;Reims;53.40% - 67.57%
da Silva Florent;M;2;5.00;0.00;0;;;;;-5;;;;-4;(6*);-5;3.5;(4.5);;4.5;5.5;4.5;6;6;6;5;;Lyon;Reims;53.40% - 67.57%
De Sciglio Mattia;D;11;5.03/20(5.00/18){5.02/24};0.55(0.57){0.52};0;6;-5;4J;-5;-5;-6;5;5.5;5.5;6;6;5.5;;7*;8;(4.5);(4.5);5;4.5;8***J;(6*);5;Lyon;Reims;53.40% - 67.57%
Denayer Jason;D;13;5.57/23(5.50/3){5.54/28};0.57(0.87){0.74};1;6;6;4.5;;;;5;6;7*;6;4.5;4.5;4.5;4.5J;-5;-5;4.5;(4.5);;;;6;Lyon;Reims;53.40% - 67.57%
Depay Memphis;A;32;5.70/28;1.33;14;6;4J;7*;4.5;8**;4;4.5;7;-5;-5;-6;6;6;6.5;4;4.5;7*;4.5J;6;6;4;6;Lyon;Reims;53.40% - 67.57%
Diomande Sinaly;D;13;5.18/22;0.50;0;;-5;5;5.5;6;5.5;(5.5);-5;-5;6;7;5.5;5;;;;;;;;;5;Lyon;Reims;53.40% - 67.57%
Dubois Léo;D;19;5.43/27(5.56/9){5.38/30};0.98(1.16){0.94};2;6;5;4;4;6;6;6.5*;7.5;;;;;;;(4.5);;5.5;-5;;;-5;6;Lyon;Reims;53.40% - 67.57%
Gusto Malo;D;3;5.00;0.00;0;;;;;;;;-5;;;-5;-4;;7J;6*J;4;(4.5);(4.5);(4.5);;5;;Lyon;Reims;53.40% - 67.57%
Kadewere Tinotenda;A;26;5.30/27(5.31/26){5.41/29};1.32(1.34){1.34};9{11};-4;4.5;(4.5);4.5;4.5;6;4;8**;4.5;4.5;6.5*;(7.5**);5.5;;;;;;;;;4.5;Lyon;Reims;53.40% - 67.57%
Keita Habib;M;4;0.00;0.00;0;;;;;;;;;;;;;;5.5;5.5;;;;;;;;Lyon;Reims;53.40% - 67.57%
Lucas Paquetá;M;19;5.80/20{5.55/29};0.64{0.88};4;;5;6*;6*;6.5;7*;(5.5);;6.5;5.5;5;(5.5);6;6;5;5.5†;6;5.5;5.5J;6J;6;5.5;Lyon;Reims;53.40% - 67.57%
Marcelo;D;19;5.68/25(6.00/2){5.60/31};0.83{0.90};2;6;6;;5;6;6;6;8**;5;6;6;;3.5;;;;;;;;;6;Lyon;Reims;53.40% - 67.57%
Mbenga Modeste Duku;M;1;0.00;0.00;0;;;;;;;;;;;;;;;;;;;;;;;Lyon;Reims;53.40% - 67.57%
Pollersbeck Julian;G;7;0.00;0.00;0;;;;;;;;;;;;;;;;;;;;;;;Lyon;Reims;53.40% - 67.57%
Slimani Islam;A;10;4.44/9{4.73/15};0.30{0.70};0{2};4;(4.5);(4.5);-5;(4.5);(4.5);-4;(4.5);;;;;;6J;5.5;5.5;(5.5);;(4.5);;;;Lyon;Reims;53.40% - 67.57%
Soumare Yaya;M;2;5.00;0.00;0;;;;;;;;;;6;6.5;-5;6;9**;7.5**J;5.5;;-4;4;6;4.5;;Lyon;Reims;53.40% - 67.57%
Thiago Mendes;M;15;5.68/22(5.67/12){5.60/25};0.93(1.15){0.90};0;6;5.5J;5;5;8;(5.5);4J;7;8**;7.5*;;5;5;;;;;;;;;6;Lyon;Reims;53.40% - 67.57%
Toko Ekambi Karl;A;27;5.80/25(5.83/3){5.65/31};1.29(0.29){1.23};12;5.5;6*;6;5;6.5*;5.5;6.5*;6;;;[5];;[5];-5;(4.5);;;(4.5);;-5;(4.5);7.5;Lyon;Reims;53.40% - 67.57%
Özkacar Cenk;D;1;0.00;0.00;0;;;;;;;;;;-5;[5];;[5];5.5;7*;7;;;5.5;5;;;Lyon;Reims;53.40% - 67.57%
Ahmed Nassim;M;1;0.00;0.00;0;;;;;;;[5];;5J;5.5;[5];6.5J;[5];7*;;;;;;4.5;3;;Marseille;Rennes;57.10% - 36.76%
Amavi Jordan;D;10;5.64/11{5.24/17};0.81{1.12};1;;;-5;;;;[5];;;;[5];6;[5];4J;5;5;5;4;(2.5);4.5;;5;Marseille;Rennes;57.10% - 36.76%
Balerdi Leonardo;D;6;4.50/10(4.00);1.27;1;4;;;3.5;;;[5];4;6*;6*;[5];(5.5);[5];;;;;;;;;3.5;Marseille;Rennes;57.10% - 36.76%
Benedetto Darío;A;12;4.57/23(4.50){4.73/28};1.12{1.32};4{8};(4.5);;;3;-4;(4.5);[5];4;;;[5];;[5];-5;4.5†J;6J;5;5;6;7.5**;4.5;4;Marseille;Rennes;57.10% - 36.76%
Bertelli Ugo;M;1;0.00;0.00;0;;;;;;;[5];;5.5J;4.5;[5];6;[5];;;;;;;;;;Marseille;Rennes;57.10% - 36.76%
Caleta-Car Duje;D;12;5.20/25(5.00/3);0.84(0.87);2;4;5.5;5.5;;4.5;5;[5];5;;;[5];;[5];4.5;5;;;;;;;;Marseille;Rennes;57.10% - 36.76%
Cuisance Michaël;M;9;4.67/18;0.57;0;;-5;(4.5);4.5;-5;;[5];3.5;4.5J;6;[5];5;[5];;(4.5);;(4.5);(6*);(4.5);-4;(4.5);4.5;Marseille;Rennes;57.10% - 36.76%
Dieng Ahmadou Bamba;A;3;4.17/3;0.58;0;;;3.5;(4.5);;;;;(6*);(4.5);[5];5;[5];5.5J;6;5;6;5J;5.5J;;3.5;;Marseille;Rennes;57.10% - 36.76%
Germain Valère;A;11;4.73/24(4.50){4.83/30};0.59{0.71};3;(4.5);;-5;4.5;3.5;5;[5];(4.5);7J;6J;[5];;[5];5.5;(4.5);-5;-5;(4.5);4.5J;(4.5);;5;Marseille;Rennes;57.10% - 36.76%
González Álvaro;D;13;5.25/22{5.11/28};0.92{0.99};1;;5.5;5;;3.5;6;[5];3.5;(5.5);;[5];4.5;[5];5.5;5.5;6;5;4;5;5.5J;5;5;Marseille;Rennes;57.10% - 36.76%
Gueye Pape;M;11;4.96/23(5.30/5);0.56(0.45){0.65};1;5J;6J;5;5;5.5J;;[5];4.5;6;6.5;[5];5.5J;[5];;;;;;;;;4.5;Marseille;Rennes;57.10% - 36.76%
Kamara Boubacar;D;16;5.44/25(5.25/6){5.48/31};0.74(0.61);0;4.5;6J;5;6;5;5;[5];;;;[5];;[5];;;;-5;;;;;4.5;Marseille;Rennes;57.10% - 36.76%
Kamardin Aaron;D;1;0.00;0.00;0;;;;;;;[5];;;;[5];(4.5);[5];;(4.5);;;;;;;;Marseille;Rennes;57.10% - 36.76%
Khaoui Saif-Eddine;M;7;5.21/12(4.83/3){5.19/13};1.03(0.76){0.99};2;-5;4;5.5;;;;[5];(4.5);(4.5);;[5];;[5];6;6;5.5;5;7;7;5;4;;Marseille;Rennes;57.10% - 36.76%
Lirola Pol;D;9;4.56/8{4.92/36};0.68{0.69};0;3.5;5;-5;5.5;-5;4J;[5];4;5;5;[5];6.5J;[5];;;;;;;;;;Marseille;Rennes;57.10% - 36.76%
Luis Henrique;A;5;4.75/8;0.76;0;;;4.5;;-5;(4.5);[5];;;;[5];;[5];;;;5;4.5;;;;;Marseille;Rennes;57.10% - 36.76%
Mandanda Steve;G;17;5.17/26(4.43/7){5.22/32};1.03(1.17){1.08};0;6;4.5;3.5;6;4;4;[5];3;;-5;[5];5.5;[5];;;;;;;;;5;Marseille;Rennes;57.10% - 36.76%
Milik Arkadiusz;A;13;5.25/4(5.00/2){4.97/17};1.50(1.41){0.91};2{5};4;6*;;;;7*;[5];-4;;;[5];;[5];;;5*;5.5;4.5;6;;5;;Marseille;Rennes;57.10% - 36.76%
Nagatomo Yuto;D;9;4.86/18(4.92/6);0.48(0.66);0;4.5;5;6;5;4;-5;[5];;6;7*J;[5];-5;[5];;;;;;;;;5;Marseille;Rennes;57.10% - 36.76%
Ngapandouetnbu Simon;G;1;0.00;0.00;0;;;;;;;[5];;;;[5];;[5];;;;;;;;;;Marseille;Rennes;57.10% - 36.76%
Ntcham Olivier;M;5;4.75/2(4.50);0.35;0;4.5;;;-5;;;;;;;[5];;[5];;;;;;;;;;Marseille;Rennes;57.10% - 36.76%
Payet Dimitri;M;17;5.34/22(5.00/2){5.52/27};0.66(0.71){0.87};4{7};4.5;5.5J;6*;;5;5;[5];(4.5);;;[5];;[5];-5;;-4;(5.5);(4.5);(4.5);4;;6;Marseille;Rennes;57.10% - 36.76%
Pelé Yohann;G;7;5.50;0.00;0;;;;;;;[5];;;;[5];;[5];;;;;;;;;;Marseille;Rennes;57.10% - 36.76%
Perrin Lucas;D;7;5.00/4;0.58;0;;;;(5.5);(4.5);5.5;[5];;;;[5];;[5];;;;;;;;;;Marseille;Rennes;57.10% - 36.76%
Phliponeau Alexandre;M;1;0.00;0.00;0;;;;;;;[5];;;;[5];;[5];;;;;;;;-5;;Marseille;Rennes;57.10% - 36.76%
Rahou Jores;M;1;0.00;0.00;0;;;;;;;[5];;;;[5];;[5];6J;6.5;6;4.5;6;6;(4.5);5;;Marseille;Rennes;57.10% - 36.76%
Richard Richecarde;D;1;0.00;0.00;0;;;;;;;[5];;7;7J;[5];5.5;[5];5;5J;5;4.5;6.5;5.5J;4.5;4J;;Marseille;Rennes;57.10% - 36.76%
Rocchia Christopher;D;2;5.00{4.86/7};0.00{0.69};0;;;;;;;[5];;5;5;[5];;[5];-5;6J;5.5;7*;6;;6;4.5;;Marseille;Rennes;57.10% - 36.76%
Rongier Valentin;M;17;5.57/22;0.74{0.72};1;;;(5.5);5.5;5;;[5];;7;;[5];(6.5*);[5];;;;;;;;;5;Marseille;Rennes;57.10% - 36.76%
Sakai Hiroki;D;8;4.65/23{4.69/26};0.73{0.69};0;;;4.5;;4;5;[5];3.5;;;[5];;[5];;(4.5);;;;-5;5.5;-5;4;Marseille;Rennes;57.10% - 36.76%
Souaré Cheick;M;1;5.00;0.00;0;;;;;;-5;[5];;-5;-5;[5];-5;[5];6;7*;6.5;5.5;4.5J;6.5*;8*;3.5;;Marseille;Rennes;57.10% - 36.76%
Targhaline Oussama;M;1;0.00;0.00;0;;;;;;;;;(5.5);7*;[5];4;[5];;;;;;;;;;Marseille;Rennes;57.10% - 36.76%
Thauvin Florian;M;22;5.50/26(5.25/2){5.48/27};1.30(0.35){1.27};7;5;5.5;;5;4.5;6.5*;[5];4.5;;;[5];;[5];;;;;;;;;5;Marseille;Rennes;57.10% - 36.76%
Tongya Franco;M;1;0.00;0.00;0;;;;;;;;;;;;;;;;6;;-5;;(4.5);-4;;Marseille;Rennes;57.10% - 36.76%
Vanni Fabio;G;1;0.00;0.00;0;;;;;;;[5];;3;-5;;(4.5);;5.5J;6.5;5.5J;5.5J;5;5;5;-5;;Marseille;Rennes;57.10% - 36.76%
Adama Traoré;A;2;0.00;0.00;0;;;;;;;;;5.5;4.5;4.5;;5.5;7.5*;5.5;;5;6;;5;6;;Metz;Lens;42.90% - 25.64%
Ambrose Thierry;A;8;4.53/17(5.00/2){4.57/21};0.78(1.41){0.75};0;-4;-6;;;3.5;(4.5);5;(4.5);6*;5.5;5;7;6;6;5.5†;5.5;5;6;5;5;5.5;4;Metz;Lens;42.90% - 25.64%
Angban Victorien;M;9;5.28/23(5.00/2){5.25/28};0.58{0.62};0;-5;5;;;;;4.5;6.5;4R;4;6J;5;;6.5;5.5;5.5;5.5;5.5;5.5J;4;5;6;Metz;Lens;42.90% - 25.64%
Boahene Ernest;D;1;0.00;0.00;0;;;;;;;;;4;4;4;4;5.5;;;;;;;;;;Metz;Lens;42.90% - 25.64%
Boulaya Farid;M;21;6.06/24(5.50/4){5.93/29};1.09(0.58){1.14};5{7};5;6J;6;5;4.5;6;7*;8*;;;;;;;;;;;;;;8;Metz;Lens;42.90% - 25.64%
Boye John;D;14;5.27/26(5.32/14){5.28/32};0.78(0.87){0.75};1{2};5;5.5;6;4.5;3.5°;4J;5;6.5;-5;;;;;6.5;6;6;5;6;5J;5;5J;6;Metz;Lens;42.90% - 25.64%
Bronn Dylan;D;12;5.16/28{5.13/34};0.78{0.76};1;5.5;5.5;5.5;4.5;4.5;5J;5;6;5;5J;;5;6;;;;;;;;5;6;Metz;Lens;42.90% - 25.64%
Cabit Manuel;D;2;0.00;0.00;0;;;;;;;;;4.5;4;(4.5);4.5J;-5;;;;;;;;;;Metz;Lens;42.90% - 25.64%
Caillard Marc-Aurèle;G;7;5.50/2{5.31/8};0.71{0.92};0;;;;;;;;;;;;;;-5;;;5.5;;4;;5;;Metz;Lens;42.90% - 25.64%
Centonze Fabien;D;15;5.41/27(5.32/17){5.44/33};0.77(0.86){0.81};0;4.5;5J;3.5;4;5.5J;6.5J;5;6;;4;(5.5);5;-6;4.5;;;;;(4.5);;;5.5;Metz;Lens;42.90% - 25.64%
Delaine Thomas;D;13;5.19/16(6.00/2){5.13/19};0.87(1.41){0.81};2;-5;7*;;5.5*;;6;;;;4.5;6;5.5;7*;;-5;;-5;;;;;7;Metz;Lens;42.90% - 25.64%
Delecroix Paul;G;1;0.00;0.00;0;;;;;;;;;-5;;;;7.5;;;;;;;;;;Metz;Lens;42.90% - 25.64%
Fofana Mamadou;D;8;4.96/14{4.94/16};0.69{0.66};0;;;;;;(4.5);4.5;-5;;;;;;6†J;;7.5;5.5;6;5.5;4.5;4.5;;Metz;Lens;42.90% - 25.64%
Gueye Lamine;M;11;5.19/18(5.50/3);0.82(0.87);2;4.5;6;6*;;-4;-5;4;-5;-4;(4.5);5*;(4.5);-4;;-5;-5;;;;;-5;;Metz;Lens;42.90% - 25.64%
Kiki Kouyate;D;14;5.56/18(5.33/6){5.53/19};1.15(1.33){1.12};1;4J;5;7.5*J;4J;5.5;6;;6.5;5;;5;5;7;;;;;;;;;6;Metz;Lens;42.90% - 25.64%
Lacroix Lenny;D;1;0.00;0.00;0;;;;;;;;;;(4.5);;;;6;6*;6.5;5.5;4;4.5;4.5;-5;;Metz;Lens;42.90% - 25.64%
Leya Iseka Aaron;A;11;4.47/16(4.00/2){4.27/24};0.72(0.71);4;3.5;4.5;-4;-4;;4;;6*;;;;;;;;8.5***;6*;7.5**;3.5;4;4.5;;Metz;Lens;42.90% - 25.64%
Maziz Youssef;M;7;5.00/9;0.25;0;;;;-5;;;-5;;6.5;4;(4.5);2.5;5;6;5;6;5.5;6;6.5;4.5;6.5;;Metz;Lens;42.90% - 25.64%
Maïga Habib;M;19;5.74/21{5.77/26};0.97{0.94};1;;;6.5;6;3.5;6;;;;;;;;7J;7J;7†;;5.5;5.5;5.5;6;7;Metz;Lens;42.90% - 25.64%
Mikelbrencis William;D;1;0.00;0.00;0;;;;;;;;;4†;4J;5.5J;7.5;7;;;;;;;;;;Metz;Lens;42.90% - 25.64%
N Doram Kevin;M;4;0.00{5.50/6};0.00{0.55};0;;;;;;;;;;;5;;;;;;;;;;;;Metz;Lens;42.90% - 25.64%
Nguette Opa;M;11;5.09/16{5.07/21};1.08{1.05};3{4};;;;;;;;;4J;-5;;;;-5;5;-5;-5;-5;-5;;;6;Metz;Lens;42.90% - 25.64%
Niane Ibrahima;A;4;5.67/6{5.33/12};2.02{1.57};6{7};;;;;;;;;(4.5);;5;;5.5;;;;;;;;;;Metz;Lens;42.90% - 25.64%
Oukidja Alexandre;G;22;5.56/27(5.32/11){5.71/33};1.17(1.23){1.16};0;4R;4.5;5.5;4;5.5;5;4;5.5;;;;;;5;4.5J;6;6;6;6;4.5;;6.5;Metz;Lens;42.90% - 25.64%
Pajot Vincent;M;5;5.90/10(5.25/2){5.75/14};0.81(0.35){0.80};0;5;(5.5);;;;;;;;;5;;3.5;-5;;;;;;;;;Metz;Lens;42.90% - 25.64%
Sarr Pape;M;13;5.58/12(5.80/10);1.06(1.01);2;5.5;6.5;7;4.5†;4.5;6.5*;7*;6.5J;;4.5;-5;(4.5);(4.5);;-5;(4.5);-5;(6.5);(4.5);(5.5);;;Metz;Lens;42.90% - 25.64%
Tchimbembé Warren;A;8;4.97/15{5.17/21};0.30{0.73};0{3};;;;(4.5);;-5;(5.5);;;-5;;5.5*;-5;4J;5;5;7*;4;6;6J;5;;Metz;Lens;42.90% - 25.64%
Traore Boubacar;M;1;0.00;0.00;0;;;;;;;;;4.5;7;;5;5;;;;;;;;;;Metz;Lens;42.90% - 25.64%
Udol Matthieu;D;8;5.28/16(5.00){5.20/20};1.02;0;5;;7.5;;4.5;-5;4;6.5;;;;;;3;5.5;4;4.5;5;6;6.5*;5.5*;;Metz;Lens;42.90% - 25.64%
Vágner Dias;M;11;4.71/17(4.40/5);0.88(1.19);2;(4.5);(6*);3.5;5;3;;(7*);5;4.5;5.5;5.5;5;5.5;;;;;;;;;5;Metz;Lens;42.90% - 25.64%
Yade Papa Ndiaga;M;13;5.18/20(5.00){5.17/21};0.61{0.60};2;-5;;-5;5;-5;5;(6*);;;;;;;;;;6;;5;;5;4;Metz;Lens;42.90% - 25.64%
Aguilar Ruben;D;11;5.12/26(5.25/6){5.18/30};0.96(0.94){0.98};1;5;4.5;7;-5;(4.5);(5.5);;4;(4.5);(4.5);4.5;;;5*J;6*;4;7**;6.5*;5;5;4;4.5;Monaco;Lille;36.10% - 41.67%
Aït Bennasser Youssef;M;3;0.00{5.00/2};0.00;0;;;;;;;;;4.5;(5.5);;5;7.5*;(4.5);-5;;;;;;;;Monaco;Lille;36.10% - 41.67%
Badiashile Benoit;D;12;5.11/27(5.27/11){5.17/30};0.97(1.06){0.95};2;5;7;6;6;3J;4.5;5.5;5;4.5;6.5;-6;5;7;-5;5;6;-5;4.5;7*J;(5.5);(5.5);4.5;Monaco;Lille;36.10% - 41.67%
Bakali Wawina Jonathan;A;1;0.00;0.00;0;;;;;;;;;5;7*;6;6.5*J;7;3.5;;;3.5;4;5.5;5.5;5*;;Monaco;Lille;36.10% - 41.67%
Ballo-Toure Fode;D;11;5.00/17(4.50){5.02/23};0.56{0.55};0;(4.5);;-5;(5.5);6;(5.5);-5;;4;6;5.5;7*;6;-5;-5;4;4.5;5;6;;;4.5;Monaco;Lille;36.10% - 41.67%
Ben Yedder Wissam;A;45;5.35/27(5.26/17){5.39/33};1.22(1.25){1.14};13{16};4;4;4.5;6.5**;3.5;7.5**;4.5;4.5;-6;4;(7*);;-5;4;5;(4.5);;;;;;4.5;Monaco;Lille;36.10% - 41.67%
Caio Henrique;D;13;5.26/21(5.27/13);0.80(0.53);0;5;5;5;5;-5;6;6;5;;;(4.5);-5;;4;;3.5;4.5;5;;4;4;4.5;Monaco;Lille;36.10% - 41.67%
Diatta Krépin;M;11;4.50/7(4.25/2);0.41(0.35);0;(4.5);-4;;4.5;-5;4.5;5;-4;5.5;6J;5.5J;6.5;7;3;6;5J;;-5;4.5;5;5.5;;Monaco;Lille;36.10% - 41.67%
Diop Sofiane;M;19;5.66/28{5.67/32};1.03;6{7};(3.5);4.5;7*;4.5J;4;6;5.5;5;5;7.5*;5.5;5;8*;;(4.5);(4.5);;-4;(6.5*);(4.5);(4.5);5;Monaco;Lille;36.10% - 41.67%
Disasi Axel;D;14;5.10/20;0.93{0.88};3;;5.5;5.5;;;(5.5);;;-4;;4;(4.5);;;;;;;;5;7;4;Monaco;Lille;36.10% - 41.67%
Florentino Luís;M;5;4.71/7;0.49;0;;;;;;;(4.5);;;;;;;;;;;;;;;;Monaco;Lille;36.10% - 41.67%
Fofana Youssouf;M;13;5.16/25(5.41/11){5.29/31};0.94(0.63){0.96};0;5;5.5;6;5.5;4.5;5;5.5J;6.5J;;;;;;;;;;;;;;5.5;Monaco;Lille;36.10% - 41.67%
Fàbregas Cesc;M;7;5.07/14(5.25/2){5.08/18};0.85(0.35){0.75};1;-5;(5.5);;-4;-5;;;;;;;;;;;;;;;;;6;Monaco;Lille;36.10% - 41.67%
Gelson Martins;A;10;5.44/18;1.19;2;;;;;;;;;;(4.5);-4;;(4.5);4.5;-6;-5;5;(4.5);(4.5);(4.5);;5;Monaco;Lille;36.10% - 41.67%
Geubbels Willem;A;6;4.58/13;0.64;1;;;;;;;;;;;;;6;3.5;4.5;6;6;3;;7;4.5;4;Monaco;Lille;36.10% - 41.67%
Golovin Aleksandr;M;17;6.00/12(5.33/3);1.33(0.58){1.15};4;5;-6;-5;;9***;-5;-5;-7;;;;;;;;;;;5;;;;Monaco;Lille;36.10% - 41.67%
Gouano Gobe;A;1;0.00;0.00;0;;;;;;;;;5;6;5.5;5.5;;;;;;;;;;;Monaco;Lille;36.10% - 41.67%
Grandsir Samuel;M;4;0.00{5.70/5};0.00{0.27};0{1};;;;;;;;;-5;;;;-5;;;;;-5;;-5;;;Monaco;Lille;36.10% - 41.67%
Jovetic Stevan;A;10;4.85/23(5.00/11){4.88/29};0.76(0.97){0.72};3{4};(4.5);(6.5*);(4.5);-4;(5.5);(4.5);-4;(6.5*);;(4.5);-5;;;;;;-5;;;;;;Monaco;Lille;36.10% - 41.67%
Lecomte Benjamin;G;12;5.00/18(4.95/10){5.15/24};1.11(0.90){1.12};0;5;6;6;3.5J;4;4.5;5.5;4.5;;;5;;;(4.5);5.5;4J;(5.5);;;;;;Monaco;Lille;36.10% - 41.67%
Majecki Radoslaw;G;3;5.00;0.00;0;;;;;;;;;;;;;;;;(4.5);;;;;;;Monaco;Lille;36.10% - 41.67%
Mannone Vito;G;8;5.00/9;1.09;0;;;;;;;;;;;;;;;;;;-4;-6;5;4;5;Monaco;Lille;36.10% - 41.67%
Maripán Guillermo;D;18;5.34/19(5.41/16){5.42/24};1.23(1.33){1.18};5{6};4;5J;7.5*;5;3.5;5.5;6.5*;6.5*;;;;;;;;;;;;;;5;Monaco;Lille;36.10% - 41.67%
Matazo Eliot;M;5;4.50/5;0.87;0;;;;;;;;;(6.5*);-4;;-4;(4.5);;(4.5);(4.5);;;-4;;;;Monaco;Lille;36.10% - 41.67%
Matsima Chrislain;D;5;4.92/6;0.58;0;;;;;;;;;;;;-5;-5;3J;4;;;5;;5;;;Monaco;Lille;36.10% - 41.67%
Millot Enzo;M;3;4.75/2;0.35;0;;;;;;;;;4;5.5;6†;5;6.5;3.5;5;;4;5.5;5.5;5;6;;Monaco;Lille;36.10% - 41.67%
Pellegri Pietro;A;7;4.39/14;0.66;1;;;;-4;;;-4;(4.5);3.5;7*;8**;5.5;8**;(4.5);4;3.5J;7;4;5;;;6.5;Monaco;Lille;36.10% - 41.67%
Sidibé Djibril;D;12;4.78/20(5.25/2){4.77/28};0.70(0.35){0.73};0;5.5;-5;-5;3.5;4;5;6;4.5;;;;;;;;;;;;;;;Monaco;Lille;36.10% - 41.67%
Tchouameni Aurelien;M;14;5.44/27(5.50/22){5.40/29};0.94(0.99){0.93};1;5;6.5;6.5J;5.5J;5.5;6;5.5;7*;;;;;;;;;;;;;;4;Monaco;Lille;36.10% - 41.67%
Volland Kevin;A;30;5.60/26;1.48;13;4.5;6.5*;5.5;4.5;6*;5.5;6.5*;4;;;;;;;;;;;;(4.5);;3.5;Monaco;Lille;36.10% - 41.67%
Ammour Yannis;M;1;0.00;0.00;0;;;;;;;;;;;;6;6;(6.5);;;;;;;;;Montpellier;Nîmes;73.60% - 48.31%
Ben Achour Adil;M;1;0.00;0.00;0;;;;;;;;;;;;;;;;;;;;;;;Montpellier;Nîmes;73.60% - 48.31%
Benchama Samy;M;1;4.50;0.00;0;;;;;;;;;;;(4.5);(4.5);(5.5);5;6;(4.5);;-5;-5;4.5;(4.5);;Montpellier;Nîmes;73.60% - 48.31%
Bertaud Dimitry;G;9;5.50/6{5.36/7};1.00{0.99};0;;;;;;6;4;(4.5);3.5;6;4.5J;6;5;4;6.5;5.5;5.5;5.5J;8**;4;5.5;;Montpellier;Nîmes;73.60% - 48.31%
Carvalho Matis;G;1;0.00;0.00;0;;;;;;;;;;;;-5;-5;5;6;;;5;;;;;Montpellier;Nîmes;73.60% - 48.31%
Chotard Joris;M;10;4.83/21;0.51(0.29){0.48};0;(4.5);-5;-5;;(4.5);;5;-6;;6;9**;7*;6;4.5;5;4;7*;8**;7.5;;4;4.5;Montpellier;Nîmes;73.60% - 48.31%
Congré Daniel;D;11;4.98/28{5.00/34};1.10{1.08};2;5.5;6;5.5;5.5;5.5;5J;3.5;3.5;(4.5);-5;-5;-5;5.5J;-5;-5;;;;-5;-5;;5.5;Montpellier;Nîmes;73.60% - 48.31%
Cozza Nicolas;D;8;4.92/13;0.49;0;;;5;-5;;-5;;-5;4.5;6;5.5;5.5J;5.5;-5;-5;4.5;4;5.5;5.5;5;4.5J;;Montpellier;Nîmes;73.60% - 48.31%
Delort Andy;A;30;5.93/20{5.76/25};1.50{1.49};9{10};;;;6;5;;;;;-5;-5;;;3R;7;5;4;;5.5;;5;4;Montpellier;Nîmes;73.60% - 48.31%
Dolly Keagan;M;8;4.88/16;0.34;0;;;;;;;4;;3.5;6;6.5;6.5;6.5;;-5;-5;3;-6;-5;-5;(4.5);;Montpellier;Nîmes;73.60% - 48.31%
Ferri Jordan;M;13;5.07/27(5.14/7){5.06/33};0.58(0.56){0.56};0;5J;4.5;6;5.5;5;5.5;4.5;;5;5.5;7*;6;4.5J;3.5;5;4.5;6.5;7.5;7*;6.5*;4.5;4.5;Montpellier;Nîmes;73.60% - 48.31%
Hilton;D;12;4.88/21(4.00){5.04/27};0.89{1.06};0;4;5J;5;6;6;5.5;4;3.5;;;;;;3.5R;-5;4;4;6;6.5;3°;5.5;5;Montpellier;Nîmes;73.60% - 48.31%
Junior Sambia;M;12;5.13/27(5.25/20){5.06/32};0.91(0.90){0.85};0;4.5;5.5;6;5.5;-5;5.5;6;4;6*;5;4.5;5;6.5*;(4.5);(7*);(4.5);-4;-5;(4.5);;(4.5);5;Montpellier;Nîmes;73.60% - 48.31%
Laborde Gaetan;A;26;5.52/28{5.38/34};1.24{1.35};9{10};5;5;5;5.5;8.5**;6*;4.5J;3.5;4.5;5.5;5.5;7*;4.5;5;5;(4.5);(4.5);(6*);;3.5;-5;4.5;Montpellier;Nîmes;73.60% - 48.31%
Le Tallec Damien;M;10;4.63/16{4.66/22};0.97{0.98};0;;;;-5;(4.5);-5;(4.5);3;4;6;5;;;4.5;7.5;4.5;5;5.5;5;6;6.5;4;Montpellier;Nîmes;73.60% - 48.31%
Mavididi Stephy;A;13;5.12/25(5.33/9){5.05/31};1.14(1.41){1.23};7{9};7*;5;8**;5.5;5.5;5;3.5J;-4;-4;-5;;6;5;3J;5;-5;-5;-5;-5;(5.5);;4.5;Montpellier;Nîmes;73.60% - 48.31%
Mendy Oucasse;A;1;0.00;0.00;0;;;;;;;;;4;6;5*J;5.5†;6†;;;4;5;6;5;4.5;5.5;;Montpellier;Nîmes;73.60% - 48.31%
Mollet Florent;M;21;5.13/26(5.08/6);0.82(0.74){0.91};3;5.5;4;6;4.5;5J;5.5;;4;4;5;7;-5;;;;4.5;4.5;5.5;5;4.5;7;4.5;Montpellier;Nîmes;73.60% - 48.31%
Omlin Jonas;G;14;5.29/24(6.30/5);1.14(0.67);0;6;6;6;7.5;6;;;3;5.5J;5J;7;7;;;3;4.5;7*;6.5;7;4.5;7.5**;4.5;Montpellier;Nîmes;73.60% - 48.31%
Oyongo Ambroise;D;8;5.00/13;0.84{0.78};1;;;;;;;;;(4.5);(6*);;;(4.5);;;;;;;-5;;5;Montpellier;Nîmes;73.60% - 48.31%
Pedro Mendes;D;11;4.95/20(4.50){4.86/21};0.67{0.78};2;(4.5);;;-5;;5;5;4;;;;;;5;4.5J;5J;;5*;5;4;5;4;Montpellier;Nîmes;73.60% - 48.31%
Ristic Mihailo;D;11;4.94/24(5.00/2){4.97/29};0.85{0.90};0;5;5;;5;5.5;5;4.5;5;;;;;;;;;;;;;;4.5;Montpellier;Nîmes;73.60% - 48.31%
Savanier Téji;M;25;5.62/21(5.83/6){5.57/27};1.38(1.29){1.50};5{8};5.5;6;5†J;7.5*;7*;4;;4;;;;;;;;;;;;;;4.5;Montpellier;Nîmes;73.60% - 48.31%
Skuletic Petar;A;10;4.71/12(4.50/7);0.69(0.71);2;-4;4;(4.5);(4.5);(6*);-4;(4.5);;;;;;;;;;;;;;;;Montpellier;Nîmes;73.60% - 48.31%
Souquet Arnaud;D;7;4.82/17(5.00/3){4.83/21};0.39{0.40};1;-5;-5;-5;;5.5;-5;-5;4.5;3.5;(4.5);-4;(4.5);-4;(4.5);;;;;;;;5;Montpellier;Nîmes;73.60% - 48.31%
Suárez Mathías;D;4;0.00;0.00;0;;;;;;;;;3.5J;-6;6J;6;4;;5;6;-5;5.5;;-5;;;Montpellier;Nîmes;73.60% - 48.31%
Tamas Thibault;D;1;0.00;0.00;0;;;;;;;;;3;-5;5.5;5.5;;;;4;5;4;5;6.5*;5.5;;Montpellier;Nîmes;73.60% - 48.31%
Vidal Clement;D;1;0.00;0.00;0;;;;;;;;;;;;6;3.5;;;4;3.5;5;5;6;-5;;Montpellier;Nîmes;73.60% - 48.31%
Wahi Sepe Elye;A;12;5.11/9;1.22;3;4;(4.5);4.5;(6.5*);-4;-5;(7*);-4;;(4.5);(4.5);;(4.5);;;;;;;;;;Montpellier;Nîmes;73.60% - 48.31%
Yun Il-Lok;M;7;4.38/12{4.41/17};0.38{0.40};0;;;;;;;(4.5);;4;4.5;6;(6.5*);-3;;(6*);-5;-5;-5;4.5;(4.5);5;;Montpellier;Nîmes;73.60% - 48.31%
Andrei Girotto;D;14;5.00/26(5.05/19){4.98/32};0.93(0.94){0.85};1{2};4.5;5;5;5.5;4;6J;6;3.5;;;;;;;;;;;;;;5.5;Nantes;Paris;28.20% - 5.26%
Appiah Dennis;D;5;4.53/15{4.61/19};0.81;0;;4;4.5;;;;(3.5);;4;6*J;6.5;7*;5J;;7.5*;5;4.5;5;6*;5.5;-5;3.5;Nantes;Paris;28.20% - 5.26%
Augustin Jean-Kévin;A;4;4.50/3;0.00;0;;;;;;;;;;3;6.5;;3.5;;6;(5.5);;;;-5;;4.5;Nantes;Paris;28.20% - 5.26%
Bamba Abdoul Kader;M;11;4.90/24(5.25/4){5.12/30};0.82(1.19){0.99};3{4};(4.5);-5;(4.5);(7*);;;;-5;;;;-5;5;;;;;;4;;6;07-mars;Nantes;Paris;28.20% - 5.26%
Basila Thomas;D;3;0.00;0.00;0;;;;;;;;;(4.5);4.5;;;4;;4.5;5;4.5;5;4;5.5;4.5;;Nantes;Paris;28.20% - 5.26%
Blas Ludovic;M;19;5.50/26(5.61/9){5.45/32};1.11(1.36){1.04};7;5;6.5*;6.5*;8.5J;4;5;(5.5);4.5;(4.5);(4.5);4.5;6;4.5J;;5.5;-5;5;5;;6.5;(4.5);06-mai;Nantes;Paris;28.20% - 5.26%
Castelletto Jean-Charles;D;9;4.81/16(4.79/7){4.79/17};1.01(0.70){0.99};0;4;5;5J;6;4;4.5;5;;3J;4;6.5;;;;5;;;;;;;3.5;Nantes;Paris;28.20% - 5.26%
Charles Traoré;D;9;4.69/16(4.63/8){4.76/21};0.73(0.52){0.74};1;4;5;4.5J;5.5;4;4.5;5†;4.5;;;;;;;;;;;;;;05-mai;Nantes;Paris;28.20% - 5.26%
Chirivella Pedro;M;10;4.77/22(4.93/7);0.53(0.61);0;6;5;4J;5;5;4.5;-5;;;;(4.5);;;;;(4.5);(4.5);(6*);(4.5);-5;;4;Nantes;Paris;28.20% - 5.26%
Coco Marcus;M;8;4.79/24;0.67;0;;5;(4.5);(4.5);(3.5);;4.5;4.5;4;4;3.5J;5†;;;5;4.5;4;4.5;;5;5;4.5;Nantes;Paris;28.20% - 5.26%
Corchia Sébastien;D;11;4.85/17(4.50);0.91;0;4.5†;;;6;5;5;4;4;;;;;;;;;;;;;;;Nantes;Paris;28.20% - 5.26%
Dabo Abdoulaye;M;1;0.00;0.00;0;;;;;;;;;;;;;;;;;;;;;;;Nantes;Paris;28.20% - 5.26%
Emond Renaud;A;8;4.72/16(4.50/3){4.66/19};0.60{0.58};2;(4.5);(4.5);(4.5);;(4.5);;(6*);(4.5);;;;;;;;;;;;;3.5;4;Nantes;Paris;28.20% - 5.26%
Fabio;D;9;4.61/19;0.61;0;;;;;5;5;;;3;4;7*;6;3.5;;7*;6;5;4.5;4.5;6;;;Nantes;Paris;28.20% - 5.26%
Homawoo Josué;D;1;0.00{5.00};0.00;0;;;;;;;;;4;5.5;6;6.5;4;;6;6.5;4.5;4;5;8;6;;Nantes;Paris;28.20% - 5.26%
Jan Charly;G;1;0.00;0.00;0;;;;;;;;;;;;;;;;;;;;;;;Nantes;Paris;28.20% - 5.26%
Kalifa Coulibaly;A;6;4.13/8{4.09/11};0.58{0.54};0;;;;;;(4.5);;3;-4;4;;5.5;4;;6;6*;5;;;6*;5.5;;Nantes;Paris;28.20% - 5.26%
Kolo Muani Randal;A;14;4.87/27;1.21;3;4;5.5;3.5;4.5J;4;7*;3.5;3;;;;;;;;;;;(4.5);;;3.5;Nantes;Paris;28.20% - 5.26%
Lafont Alban;G;12;5.23/28{5.21/33};1.09{1.10};0;4;5.5;5;5.5J;4;6.5;5;4;;;;;;;;;;;;;;4;Nantes;Paris;28.20% - 5.26%
Limbombe Anthony;M;4;0.00{5.38/4};0.00{1.11};0{1};;;;;;;;;(4.5);;;;;;;;;;-4;;-4;;Nantes;Paris;28.20% - 5.26%
Louza Imran;M;17;5.20/23(4.93/7){5.21/29};1.04(1.30){0.99};5;5;-5;6;7*;3†J;4.5;4;;4;4;;5.5;;;5;4.5;4.5°;5.5;4.5;6;5.5;5.5/4;Nantes;Paris;28.20% - 5.26%
Mendy Batista;D;4;4.75/2;0.35;0;;;;-5;;;;;;;;;-5;;;;;;;;;;Nantes;Paris;28.20% - 5.26%
Merlin Quentin;A;1;0.00;0.00;0;;;;;;;;;;;;;;;;;;;;;;;Nantes;Paris;28.20% - 5.26%
Moustache Wesley;D;1;0.00{3.00};0.00;0;;;;;;;;;4;(4.5);;;5;;-6;5.5;4;7*;4;5.5;5.5;;Nantes;Paris;28.20% - 5.26%
Ndilu Bridge;A;4;4.33/6;0.26;0;;;;;;;(4.5);;4.5;4.5;5.5;6.5;-5;;-5;-5;;(4.5);4;;;;Nantes;Paris;28.20% - 5.26%
Pallois Nicolas;D;9;4.80/22{4.83/26};0.77;1;;5;;-5;;;4.5;4;;;;;;;;;;;;;;;Nantes;Paris;28.20% - 5.26%
Pereira De Sa Roli;M;4;5.00;0.00;0;;;;;;;;;;;[5];;-5;-5;;;;4.5;3.5;;;5;Nantes;Paris;28.20% - 5.26%
Petric Denis;G;7;0.00{5.00};0.00;0;;;;;;;;;;(4.5);[5];;;;;;;;;;;5;Nantes;Paris;28.20% - 5.26%
Simon Moses;M;13;5.02/23(5.00/8){5.05/29};0.87(0.89){0.85};4{6};6*;5.5;4;6*;4;5.5;5;-4;6;3.5;[5];6;7;5;4J;5.5;7.5;4.5;7;6;6;06-mai;Nantes;Paris;28.20% - 5.26%
Sylla Abdoulaye;D;1;5.00/2;0.00;0;-5;-5;;;;;;;5.5J;4J;[5];3.5J;(6.5*);-5;;;;;;;;;Nantes;Paris;28.20% - 5.26%
Touré Abdoulaye;M;12;5.04/25(5.11/23){5.00/31};0.78(0.77){0.72};1;5;-5;5.5;4.5;(4.5);-5;4.5;4;;;[5];;;;;;;;;;;4.5/5;Nantes;Paris;28.20% - 5.26%
Walongwa Anthony;D;1;0.00;0.00;0;;;;;;;;;;3.5;[5];(4.5);;6;;;-5;;-4;;5;;Nantes;Paris;28.20% - 5.26%
Atal Youcef;D;10;4.73/11(5.00);0.79;1;5J;;;;;;;6*;-5;;[5];;;;;;;;;;;4.5;Nice;Lorient;66.10% - 35.09%
Ben Seghir Salim;A;2;4.50;0.00;0;;;;;;;;;;;[5];;;;;;;;;;;;Nice;Lorient;66.10% - 35.09%
Benítez Walter;G;20;5.48/28(5.27/13){5.47/34};1.21(1.18){1.25};0;6.5;6.5;4.5;4.5;7;6;4;6;5.5;;[5];;(5.5);;;(5.5);-5;-5;;;;5.5;Nice;Lorient;66.10% - 35.09%
Boudaoui Hichem;M;10;4.84/19(5.20/5){4.81/21};1.17(1.04){1.28};1;4;6.5;4.5;5;6;;3.5;6.5;5J;2.5J;[5];;;;-5;;;;;;;5.5;Nice;Lorient;66.10% - 35.09%
Boulhendi Teddy;G;1;0.00;0.00;0;;;;;;;;;;;[5];;6.5;5.5;5.5;7*;5.5;4.5;5*;5.5;4.5;;Nice;Lorient;66.10% - 35.09%
Cardinale Yoan;G;7;0.00;0.00;0;;;;;;;;;;;[5];4;-5;6.5*;;5;4;;4;7**;4;;Nice;Lorient;66.10% - 35.09%
Claude Maurice Alexis;M;11;4.79/21(5.29/7){5.00/27};1.01(1.19){0.99};2{3};5.5*;6.5;5;5;7;3.5J;(4.5);;5.5;6*J;[5];4.5;6;-5;6.5*;7;7J;5;-6;6;7.5**;4;Nice;Lorient;66.10% - 35.09%
Crétier Noah;D;1;0.00;0.00;0;;;;;;;;;5;;[5];;6;5;4.5J;6;5;5;4;7;6.5J;;Nice;Lorient;66.10% - 35.09%
Daniliuc Flavius;D;8;4.88/17(5.25/2);0.94(1.06);1;4.5;6*†;;;;-5;4.5;5.5;;;[5];;;;;;;;;;;4.5;Nice;Lorient;66.10% - 35.09%
Danilo;M;5;4.13/4{4.70/10};1.18{1.16};0;;;;;;;;;(4.5);4.5;[5];4.5;-5;(4.5);5.5;8*†J;;3.5;3.5;6;5;;Nice;Lorient;66.10% - 35.09%
Dante;D;4;5.50/9{5.29/14};0.83{0.93};2;;;;;;;;;;4.5;[5];6.5*;8*;5.5J;7.5*;6;5.5;4.5;5;6J;6.5;;Nice;Lorient;66.10% - 35.09%
Dolberg Kasper;A;10;4.60/15(4.00){4.90/21};1.06{1.23};3{6};-4;;;;;4;4.5;5.5;5.5;4;[5];4;5.5;4.5;5.5J;6;5.5;4.5;;6;5;;Nice;Lorient;66.10% - 35.09%
Gouiri Amine;A;24;5.63/27(5.27/11){5.59/28};1.08(1.29);11;7*;7*;5.5*;5;7*J;5;3.5;4.5;;;[5];(4.5);;;(6*);5.5;(4.5);;4;;;;Nice;Lorient;66.10% - 35.09%
Kamara Hassane;D;13;5.17/26(5.09/16){5.30/32};0.73(0.49){0.82};0{1};5;5;4.5;5;6;5;5;6;(4.5);-5;[5];(4.5);;;(5.5);-5;5;-5;-4;(4.5);(4.5);5;Nice;Lorient;66.10% - 35.09%
Kari Soudeysse;M;1;0.00;0.00;0;;;;;;;;;5.5;4;[5];3†;;5;6J;;;;;;;;Nice;Lorient;66.10% - 35.09%
Khéphren Thuram;M;9;4.93/22(5.25/2){5.02/27};0.99(0.35){0.91};1;(5.5);-5;;;-5;;;;;;[5];;;;;;;;;;;4.5;Nice;Lorient;66.10% - 35.09%
Lees-Melou Pierre;M;23;5.60/21(4.83/3){5.67/27};1.06(0.29){1.01};4{6};(4.5);-5;5;5.5;7;6*;4.5;5.5;-5;3.5;[5];(4.5);6;;;3.5;6;4.5;3.5;6;(5.5);;Nice;Lorient;66.10% - 35.09%
Lotomba Jordan;D;8;4.83/21(5.00);0.89;1;-5;;;;;4.5;4.5;-5;;;[5];;;;;;;;;;;6;Nice;Lorient;66.10% - 35.09%
Maolida Myziane;A;11;4.96/14(5.00/9){4.89/18};0.84(0.90){0.87};2;5.5;5.5;4.5;4.5;7*;-5;-4;(4.5);4.5;4.5;[5];4.5;6.5;(4.5);;;;;;(5.5);;;Nice;Lorient;66.10% - 35.09%
NSoki Stanley;D;9;4.53/15{4.66/19};1.09{1.03};0;;5;-5;;;;;;;;[5];4;5.5;5;6J;;;;;;5;5;Nice;Lorient;66.10% - 35.09%
Ndoye Dan;A;8;4.52/22;0.65;1;;;3.5;;(4.5);3;(4.5);-4;4;-5;[5];-4;7*J;4.5;5.5;5;5;3;4.5;-5;;4;Nice;Lorient;66.10% - 35.09%
Parsemain Alexandre;A;1;0.00;0.00;0;;;;;;;;;5;;[5];4;7;5;5.5;;6;5;4.5;6.5;6.5;;Nice;Lorient;66.10% - 35.09%
Pelmard Andy;D;9;4.88/17;0.94;0;;;4.5;4.5;6.5;-5;;;;;[5];;;;;;;;;;;5.5;Nice;Lorient;66.10% - 35.09%
Pionnier Bertrand Theo;D;1;0.00;0.00;0;;;;;;;;;;;[5];;;;;;;;;;;;Nice;Lorient;66.10% - 35.09%
Prso Laurenzo;D;1;0.00;0.00;0;;;;;;;;;;-5;[5];;;;;(4.5);;;;-5;;;Nice;Lorient;66.10% - 35.09%
Reine-Adélaïde Jeff;M;6;5.10/15;0.99;1;;;;;;(4.5);4;5.5;;;[5];;;;;;;;;;;7;Nice;Lorient;66.10% - 35.09%
Robson Bambu;D;8;4.93/14;0.81;0;;-5;;;-5;;5;6;4;;5;;;5;-5;;;-5;;;;4;Nice;Lorient;66.10% - 35.09%
Rolland Jules;G;1;0.00;0.00;0;;;;;;;;;-5;;;3.5;;;;;;;-4;;;;Nice;Lorient;66.10% - 35.09%
Rony Lopes;M;11;4.88/20{4.80/23};1.05{1.00};2;;;;7*;5.5;(4.5);;;;;(4.5);3.5;-5;-4;-4;;;;;;;4;Nice;Lorient;66.10% - 35.09%
Saliba William;D;13;5.23/11{5.06/17};0.72{0.85};0;6;5;4.5;5;6;6;5;6;;;;;;;;;;;;;;;Nice;Lorient;66.10% - 35.09%
Schneiderlin Morgan;M;8;5.20/20(5.00/3){5.16/22};0.78(0.50){0.85};0;5J;4.5;(5.5);;-5;5;;;;;;4;(4.5);-5;;;5;;4.5;4;4.5;5;Nice;Lorient;66.10% - 35.09%
Sellouki Malik;M;1;5.50/2;1.41;1;;;(4.5);;;;;;;;;3;5;4.5J;;5.5;5.5;6;-5;;;;Nice;Lorient;66.10% - 35.09%
Sotona Ayodeji;A;2;0.00;0.00;0;;;;;;;;;;;;;;;;;;(4.5);;;;;Nice;Lorient;66.10% - 35.09%
Todibo Jean-Clair;D;8;4.92/6;0.74;0;5.5;4.5J;4;4.5;6J;5J;;;4;4.5;5.5;3;5;4.5;4;5;-5;;;;-5;;Nice;Lorient;66.10% - 35.09%
Trouillet Alexis;M;4;4.80/5;0.27;0;;;;;;;;;;;;;;;;;;;;;;;Nice;Lorient;66.10% - 35.09%
Wade Paul;M;1;0.00;0.00;0;;;;;;;;;4JR;4.5;7;3.5;;;6;7;6;6.5;7*;4.5;7;;Nice;Lorient;66.10% - 35.09%
Ahlinvi Matteo;M;8;4.67/15;0.84;2;;;-5;;;3.5;-5;-5;;3.5;;3.5;4;4;5J;6;;;4.5;5;5;;Nîmes;Montpellier;26.40% - 31.06%
Alakouch Sofiane;D;10;4.50/15;1.18{1.14};0;;4;5;5.5;3;-5;3;;;3.5;(4.5);-4;(4.5);4;;4.5;-4;;3.5;5;7*;;Nîmes;Montpellier;26.40% - 31.06%
Aribi Karim;A;4;4.10/10;0.52;0;;;(3.5);;;;;;;;;;;;;;;;;;;;Nîmes;Montpellier;26.40% - 31.06%
Ben Amar Sami;A;1;4.50;0.00;0;;;;;;;;(4.5);4;-5;;;;;;;;4.5;;-5;;;Nîmes;Montpellier;26.40% - 31.06%
Benrahou Yassine;M;11;4.81/18(5.06/9){5.04/24};0.60(0.68){0.74};0{1};5;4;5.5;6.5;5;-5;(4.5);5;6;-5;;3.5;5;4;4;;;;;;;;Nîmes;Montpellier;26.40% - 31.06%
Briancon Anthony;D;9;4.73/15{4.69/18};1.00{0.93};0;;;5.5;6;3.5;4;3.5;;5;4;6.5;5.5;;;;6;6.5*;6;6.5*;7*;7.5;5.5;Nîmes;Montpellier;26.40% - 31.06%
Buades Lucas;M;3;4.50;0.00;0;;;;;;;;;-5;4.5;5.5;;3.5;5;4;6;5.5;5.5J;-5;;-5;;Nîmes;Montpellier;26.40% - 31.06%
Burner Patrick;D;5;4.66/16(4.83/3){4.67/18};0.65(0.29){0.62};0;4.5;-5;-5;;;4;;5.5;;;;;;;;;;;;;;5;Nîmes;Montpellier;26.40% - 31.06%
Chadli Nassim;A;1;0.00;0.00;0;;;;;;;;;;;;;;;;;;;;;;;Nîmes;Montpellier;26.40% - 31.06%
Cubas Adrián;M;12;5.33/20(4.75/2);1.21(0.35);1;4.5;5;;6.5;4.5;4.5;4.5;;-4;;4;(6.5*);3.5;-5;(4.5);;;;(4.5);-4;(6*);7;Nîmes;Montpellier;26.40% - 31.06%
Deaux Lucas;M;12;4.47/16{4.76/19};1.02{1.18};1{3};;;;6;5.5*;-5;2.5;;4J;4;5.5;2;;;4;5.5;4;4.5;2;3.5;6;6;Nîmes;Montpellier;26.40% - 31.06%
Depres Clement;A;1;0.00;0.00;0;;;;;;;;;;;;;;;;;;;;;;;Nîmes;Montpellier;26.40% - 31.06%
Dias Lucas;G;7;0.00;0.00;0;;;;;;;;;;;;;(4.5);;-4;;(4.5);;;;;;Nîmes;Montpellier;26.40% - 31.06%
Doucouré Mahamadou;A;1;0.00;0.00;0;;;;;;;;;;3.5;6;;4;;-4;;;;3;5.5;7;;Nîmes;Montpellier;26.40% - 31.06%
Duljevic Haris;M;8;4.85/17(4.83/3){4.86/18};0.82(0.76){0.80};0;-5;(5.5);-4;;(4.5);3.5;-5;6.5;;;;;;;;;;;;;;;Nîmes;Montpellier;26.40% - 31.06%
Eliasson Niclas;M;17;5.10/20(5.50/5);1.02(0.71);4;-5;4.5;-6;(6*);(6*);;4;6;;;;;;4.5;;6;5;;5;5;8*;;Nîmes;Montpellier;26.40% - 31.06%
Ferhat Zinedine;M;17;5.60/24(5.71/7){5.62/30};1.00(0.86){0.94};4{5};5.5;6;6.5;5.5J;7*J;5;4.5;;4;(5.5);;;5;3J;4;;-5;5;;;-5;6;Nîmes;Montpellier;26.40% - 31.06%
Fomba Lamine;M;10;4.88/24(4.95/11){4.98/29};0.89(1.04);0;4.5J;5.5;7;-5;(4.5);3.5;4J;6.5;;;;;;;;;;;;;;6;Nîmes;Montpellier;26.40% - 31.06%
Guessoum Kelyan;D;5;4.80/10(5.13/4);0.75(0.85);0;4J;5;6;(5.5);;;;5;4;3;6;;;(4.5);3;;5;6;;;;;Nîmes;Montpellier;26.40% - 31.06%
Karraoui Amine;A;1;0.00;0.00;0;;;;;;;;;4;3.5;7;2.5;6;5J;6;6;5.5;6.5;3.5;5;6.5;;Nîmes;Montpellier;26.40% - 31.06%
Koné Moussa;A;8;4.43/23(4.36/11){4.54/28};0.90{0.95};3{5};4.5;(6*);4;5;4;(4.5);3.5;3.5;4;4;6*J;-5;5;4;5;7*;6;5.5;3J;4;6.5;;Nîmes;Montpellier;26.40% - 31.06%
Landre Loïck;D;6;4.25/14(5.50){4.58/20};1.22{1.28};1{2};5.5*;;;;;;;;(4.5);;;;3.5;;4.5;(4.5);4;-4;-5;;;5.5;Nîmes;Montpellier;26.40% - 31.06%
Ludivin Majouga Marco;A;5;4.50/7;0.41;0;;;;;;-5;-4;;;;;;;;;;;5;;-5;-5;;Nîmes;Montpellier;26.40% - 31.06%
Malanda Adilson;D;1;0.00;0.00;0;;;;;;;;;;;;;;;;;;;;;;;Nîmes;Montpellier;26.40% - 31.06%
Martinez Pablo;D;5;4.71/7{4.79/12};1.47{1.20};0;;;;;;;;;4.5;4.5;-5;-5;5.5;8;6;7;6.5;6J;;-5;5;;Nîmes;Montpellier;26.40% - 31.06%
Megier Julien;D;1;0.00;0.00;0;;;;;;;;;;;;;;;;;;;4.5;5;-5;;Nîmes;Montpellier;26.40% - 31.06%
Meling Birger;D;10;5.35/17(5.23/11);1.38(1.47);2;4J;6;8*;7.5;3.5J;4.5J;4;5.5;;;;;;;;;;;;;;6;Nîmes;Montpellier;26.40% - 31.06%
Miguel Florian;D;8;4.64/18{4.75/22};0.89{0.84};0;;5.5;6;5;3;4;;6;3.5;-4;3.5;6*;7*;;;;;;;-5;;;Nîmes;Montpellier;26.40% - 31.06%
Nazih Amjhad;G;1;0.00;0.00;0;;;;;;;;;;;;;(5.5);6;-6;-5;;-5;-5;-5;5;;Nîmes;Montpellier;26.40% - 31.06%
Paquiez Gaetan;D;6;4.42/12(5.00){4.36/18};1.06{1.08};0;-5;;;;;;;;6*J;;4.5;-5;4.5;7;;;;;;;;;Nîmes;Montpellier;26.40% - 31.06%
Reynet Baptiste;G;13;5.16/28(5.20/5){5.11/31};1.39(1.72){1.34};0;4;4.5;7.5;6.5;3.5;4;3.5;6.5;-5;;3.5;-5;6.5;;;;5.5;8*;4;;6.5;6;Nîmes;Montpellier;26.40% - 31.06%
Ripart Renaud;D;18;5.05/28{4.95/32};1.12{1.14};7;5.5;4;7.5*;5.5*;5.5;4.5;5*;6*;6.5;-5;5.5;8*;;6;6;-5;-5;;;(5.5);4.5;7;Nîmes;Montpellier;26.40% - 31.06%
Roux Nolan;A;5;4.28/16(5.00){4.64/22};0.41{0.79};0{2};-5;;;;-4;;(4.5);;5.5;;3;7;6;5.5†;;6.5*;5;6;-5;;7*;4.5;Nîmes;Montpellier;26.40% - 31.06%
Sidy Sarr;M;5;4.86/7{5.04/12};0.48{0.72};0;;;;;;;;;;;;;;-5;;;;(4.5);;;(4.5);;Nîmes;Montpellier;26.40% - 31.06%
Ueda Naomichi;D;4;5.00;0.00;0;-5;;;;;;;;;;;;-5;;8*;7.5*;6;6;5.5;;;;Nîmes;Montpellier;26.40% - 31.06%
Valerio Antoine;M;1;0.00{5.00};0.00;0;;;;;;;;;;4.5;-5;4;;;;;;;;;;;Nîmes;Montpellier;26.40% - 31.06%
Bakker Mitchel;D;10;5.50/21{5.41/22};0.87{0.95};0;;;;-5;;6;;-5;;;;;;-5;-7;(5.5);-5;(5.5);4.5;5;6;5.5;Paris;Nantes;71.80% - 90.91%
Bernat Juan;D;3;4.83/3{4.92/6};0.29{0.66};0;;;;;;;;;5;-6;;7;7*;;;5.5;8**;5.5;;;5;;Paris;Nantes;71.80% - 90.91%
Bitshiabu El Chadaille;D;1;0.00;0.00;0;;;;;;;;;;(4.5);;;;;7;(7*);;5;4.5;6;6;;Paris;Nantes;71.80% - 90.91%
Dagba Colin;D;8;5.26/17(5.00);0.53;1;5;;;;;6;;;5.5;;;5;6;;(4.5);;;;;-4;;4.5;Paris;Nantes;71.80% - 90.91%
Danilo Pereira;M;11;5.27/15(5.31/8);1.02(0.92);1;5J;7.5*†;-5;-5;(5.5);-5;5J;(4.5);;;;;;;;;;;;;;6.5;Paris;Nantes;71.80% - 90.91%
Di María Ángel;M;28;5.82/19{5.96/24};1.37{1.29};3{4};;;;;6;7.5*;4;7;;;;;;;;;;;;;;7;Paris;Nantes;71.80% - 90.91%
Diallo Abdou;D;10;5.63/16(6.00/2);1.01(1.41);0;-5;7;;;;;;6.5;;;;;;7.5**†;5.5;;;;;-4;(4.5);6;Paris;Nantes;71.80% - 90.91%
Draxler Julian;M;12;5.59/16(5.88/4){5.70/20};0.78(1.03){0.82};3;5;7;-5;6.5*;;-5;;;6*J;6*;3.5;6*†;3.5;;;;;;4.5;4.5;;5.5;Paris;Nantes;71.80% - 90.91%
Florenzi Alessandro;D;14;5.47/17{5.18/28};1.29{1.20};2;;;4;;7;;3;6.5;-5;;;4.5;-5;;7;5;6;6;5.5;5;-5;;Paris;Nantes;71.80% - 90.91%
Franchi Denis;G;1;0.00;0.00;0;;;;;;;;;;5;4.5;;;;;;;;-4;4.5;;;Paris;Nantes;71.80% - 90.91%
Herrera Ander;M;14;5.63/23(5.13/4){5.58/24};0.98(0.95){0.99};1{2};-5;6.5;4.5;(4.5);;;;;6J;;4;5;(4.5);;;;;;;;;7;Paris;Nantes;71.80% - 90.91%
Icardi Mauro;A;20;5.43/14(4.00){5.53/19};1.22{1.16};5{8};4;;3.5;6;6*;(4.5);5.5;7*;;;;;;6;;5.5;5.5;7.5*;;;6;6.5;Paris;Nantes;71.80% - 90.91%
Idrissa Gueye;M;15;5.52/22(5.36/7){5.56/27};0.73(0.63){0.79};2;6;-5;5J;6;5;6;(4.5);;;;;6;-5;(7**);8**;7.5*;7;7.5*;;;;06-juin;Paris;Nantes;71.80% - 90.91%
Kamara Abdoulaye;M;1;0.00;0.00;0;;;;;;;;;(6*);5;6**;;7*;;;;;;;;;;Paris;Nantes;71.80% - 90.91%
Kapo Maxen;M;1;0.00;0.00;0;;;;;;;;;;;;;;;;;;;;;;;Paris;Nantes;71.80% - 90.91%
Kean Moise;A;26;5.34/19{5.05/31};1.16{1.09};11{12};;6*;4;6.5*;(4.5);5;;;;;;;;;6;5;6;7;;;6;3.5;Paris;Nantes;71.80% - 90.91%
Kehrer Thilo;D;12;5.26/17(6.00/2);0.85(1.41){0.83};0{1};-5;7;;5;-5;7;4;(5.5);5;;4;6.5;7;7.5;;8.5**;5.5;;4;;;06-mai;Paris;Nantes;71.80% - 90.91%
Kimpembe Presnel;D;14;5.21/19(5.14/7){5.22/23};0.90(1.03){0.84};0;5.5;6;4J;5;6;6;3.5;;;7.5*;(4.5);;;;4.5;5;5.5;;-4;;;5;Paris;Nantes;71.80% - 90.91%
Kurzawa Layvin;D;12;5.03/17(5.00){5.00/19};0.98{0.93};1;5J;;3.5;5;4.5;-5;4;6.5;-5;5;-5;5;;;;;;;;;;4.5/4.5;Paris;Nantes;71.80% - 90.91%
Letellier Alexandre;G;3;0.00{4.40/5};0.00{0.82};0;;;;;;;;;;;;;;;;;;;;;;;Paris;Nantes;71.80% - 90.91%
Marquinhos;D;25;5.81/18(5.40/5){5.95/21};0.79(0.89){0.96};1{3};6;6;4;5;6;;;5;4;4°J;;;;6;6.5J;;;;;;;5;Paris;Nantes;71.80% - 90.91%
Mbappé Kylian;A;49;5.98/23{6.09/27};1.61{1.59};18{22};;8**;3;5;7*;6.5*;3.5;8.5**;7.5;6;6.5;(6.5);6;6;;;;;4.5;;;05-juil;Paris;Nantes;71.80% - 90.91%
Michut Edouard;M;1;5.00;0.00;0;;-5;;;;;;;;;;;;-5;-5;;-5;;;3.5;;;Paris;Nantes;71.80% - 90.91%
Nagera Kenny;A;1;0.00;0.00;0;;;;;;;;;;5;;;;7.5;8.5*;-6;-5;-5;4.5;3.5J;4;;Paris;Nantes;71.80% - 90.91%
Navas Keylor;G;23;5.78/20(5.38/4){5.58/24};0.82(0.95){1.10};0;6;5.5;4;6;;;;5;-5;;-5;;-5;;;;;;;;;06-juil;Paris;Nantes;71.80% - 90.91%
Neymar;A;30;6.14/11{6.17/12};1.78{1.70};6;;;;;-4;;8**;7.5*;;-5;5;;7*;;;7.5;-5;6.5;3.5;6;;;Paris;Nantes;71.80% - 90.91%
Paredes Leandro;M;13;5.22/16{5.20/20};0.93{0.83};0;;;4.5;5.5;5.5;6.5;4;7;;;;;;7;4;5.5*;5;3J;;4;4;5;Paris;Nantes;71.80% - 90.91%
Pembele Timothee;D;6;5.10/5;1.14;1;;;;;;;;;;4.5;;;;7.5;;-5;5;4.5;(4.5);-4;(4.5);;Paris;Nantes;71.80% - 90.91%
Rafinha;M;10;6.07/15(5.67/3){5.98/30};0.78(0.76){0.90};0{2};5.5;6.5;-5;;;(5.5);;;5;4.5;6;3.5;6;7.5;5;-5;;5;5.5;4.5;5;6;Paris;Nantes;71.80% - 90.91%
Randriamamy Mathyas;G;1;0.00;0.00;0;;;;;;;;;5.5;;6;6;7;;4;6;5;5;5;4.5;6;;Paris;Nantes;71.80% - 90.91%
Rico Sergio;G;11;5.44/8{5.17/9};0.98{1.22};0;;;;;6;7;4;-5;5.5;4.5;5;6*;6;6;4.5;;;;;;;;Paris;Nantes;71.80% - 90.91%
Ruiz-Atil Kays;M;5;4.79/7;0.57;0;;;;;;;;;;;;;;8***;;6*;-5;6*;5;;6*;5;Paris;Nantes;71.80% - 90.91%
Sarabia Pablo;M;15;5.52/21(6.00/2){5.58/25};1.26(1.41);5{6};7*J;-5;;-5;-5;6.5*;(4.5);-5;;;3;;;;;;;;;;;05-juil;Paris;Nantes;71.80% - 90.91%
Simons Xavi;M;1;0.00;0.00;0;;;;;;;;;4.5J;5;4;8**;5;;;(5.5);;;;;;;Paris;Nantes;71.80% - 90.91%
Verratti Marco;M;18;5.97/16{5.93/20};1.12{1.05};0;;;(5.5);;6;;;7;;;;;;;-2;;4.5;;;(4.5);;5.5;Paris;Nantes;71.80% - 90.91%
Abdelhamid Yunis;D;14;5.12/25(5.75/2){5.16/31};1.03(0.35){1.09};3{4};6*J;5.5;;;5;5;6;5;;;5.5;;;(5.5);;;;;;;;4.5;Reims;Lyon;46.60% - 15.87%
Berisha Valon;M;11;5.14/22(5.33/3);0.97(0.58);0;6;-5;5;;4;5;-5;;;;;;;-5;-5;;;;;;;;Reims;Lyon;46.60% - 15.87%
Cafaro Mathieu;M;14;5.33/24(5.50/2){5.34/25};0.80(0.71){0.79};3;5;6;;4.5;4.5;4.5;5;5;;;;3;6;;;;;;;;;4.5;Reims;Lyon;46.60% - 15.87%
Chavalerin Xavier;M;13;5.23/20(4.75/2){5.25/24};0.70(0.35){0.78};0;4.5†J;5;;5;5.5;5.5;5.5;6;5;5.5;(6.5);-5;-5;-5;(4.5);;;;;;;;Reims;Lyon;46.60% - 15.87%
De Smet Thibault;D;6;4.57/7;0.93;0;;;;-5;(4.5);5;;;;-5;;;-5;6;4J;4.5J;;;3;5.5;4.5;;Reims;Lyon;46.60% - 15.87%
Dia Boulaye;A;29;5.25/26(5.17/21){5.19/31};1.31(1.43){1.25};12{13};4;4J;4;5;4.5;4;5;5;;;;;;6;3;4.5;4J;5;5;;4;5;Reims;Lyon;46.60% - 15.87%
Dialy Ndiaye;G;1;0.00;0.00;0;;;;;;;;;6;4;;3.5;8*;;;;-4;;-5;-4;;;Reims;Lyon;46.60% - 15.87%
Diouf Yehvann;G;6;5.50/2;0.00;0;;;;;;;;;5;4.5;4.5;3°;6.5;;;5;4.5;4;5;4;4.5;;Reims;Lyon;46.60% - 15.87%
Doucouré Fodé;D;4;4.88/4;1.31;0;;;;;;;;;;;;;;;5;-6;-5;(4.5);(4.5);4.5;5;;Reims;Lyon;46.60% - 15.87%
Doumbia Moussa;M;11;5.26/19(5.50/3){5.19/24};0.45{0.57};0;(5.5);5.5;(5.5);;-5;-5;6;5.5;6;4.5;-5;;;;;;;;;;;5.5;Reims;Lyon;46.60% - 15.87%
Drammeh Mouhamadou;D;5;5.13/4;0.25;0;;;-5;;;;;5.5;-5;;;(4.5);-5;(4.5);;;3.5;(5.5);4.5;4.5;;5;Reims;Lyon;46.60% - 15.87%
Faes Wout;D;13;5.10/25(5.21/17);1.03(0.66);1;4J;5.5;5.5;5.5J;4.5;5.5J;5J;6J;;;;;;8*;5;5.5;5;;;;;4;Reims;Lyon;46.60% - 15.87%
Flips Alexis;M;1;0.00{5.00/5};0.00;0;;;;;;;;;;;5;;;;6*;;5.5;4.5;5.5;4.5;(5.5);;Reims;Lyon;46.60% - 15.87%
Foket Thomas;D;10;4.80/27(4.83/26){4.86/32};0.76;0;5;5.5;5;5;4.5;5;5.5;5.5;(4.5);(4.5);5;4.5;4.5;7;;5.5;;3.5;(4.5);4.5;4.5;4.5;Reims;Lyon;46.60% - 15.87%
Konan Ghislain;D;10;4.85/23(6.00/2){4.83/26};0.79(0.71){0.77};1;6.5*J;5.5;5;3;4.5;(4.5);5.5;6;;4;;(4.5);;6;2.5;4;6;4.5;8;5J;5;4.5;Reims;Lyon;46.60% - 15.87%
Kutesa Dereck;M;12;4.93/20{4.91/23};0.47{0.44};1;;;5;-5;4.5;-5;(6*);-5;6;4.5;5.5J;4.5;7;-5;;;;;;;;;Reims;Lyon;46.60% - 15.87%
Lopy Dion;M;2;0.00;0.00;0;;;;;;;;;7;4;;4;5.5;7;4.5;(4.5);;(4.5);;-4;(4.5);;Reims;Lyon;46.60% - 15.87%
Maresic Dario;D;4;4.58/6{4.79/7};0.66{0.81};0;;;;;;;;;;;;;;;;3;3.5;(4.5);5;3.5;7*;;Reims;Lyon;46.60% - 15.87%
Mbuku Nathanael;A;14;5.30/22{5.21/26};1.03{0.98};2;;5;4;5;(4.5);6;7.5;7*;-4;-5;3.5J;4;4;;;6;-5;5;5;(4.5);-5;4.5;Reims;Lyon;46.60% - 15.87%
Moreto Cassamã;M;11;5.23/22(5.57/7){5.26/27};0.65(0.45){0.75};1;5J;5.5;6;5.5;5;6J;6;;(4.5);4J;(4.5);(4.5);(4.5);4.5;4.5;4J;7.5*;6;6.5*;5;4.5;4;Reims;Lyon;46.60% - 15.87%
Munetsi Marshall;M;11;5.26/19(5.50){5.21/24};1.05{1.02};1;(5.5);;6.5;6;;;;;5;-5;(5.5);;;;;;;;;;;4.5;Reims;Lyon;46.60% - 15.87%
Rajkovic Predrag;G;19;5.52/27(5.79/17){5.72/32};1.14(0.81){1.20};0;6;6;6;6;5;6;6.5;6;;;4.5;3.5;7*;;;;;;;;;4;Reims;Lyon;46.60% - 15.87%
Sierhuis Kaj;A;6;4.44/17(4.00);0.77{0.75};0;-4;;;(4.5);(4.5);;;;;;;;;-5;4.5;4.5;7;6;(7*);5.5J;6;5;Reims;Lyon;46.60% - 15.87%
Touré El Bilal;A;9;4.44/26(4.45/20){4.52/32};0.84(0.60){0.96};3{5};(4.5);-4;(6*);-4;(4.5);(4.5);-4;(4.5);;;;;;4;-6;5J;7;4.5;5.5J;7*;-6;4;Reims;Lyon;46.60% - 15.87%
Valentim Enzo;D;1;0.00;0.00;0;;;;;;;;;4.5;6;4;4.5;-6;5J;;6*;6;5;5;5;7*;;Reims;Lyon;46.60% - 15.87%
Vimalin Trey;G;1;0.00;0.00;0;;;;;;;;;(4.5);4.5;4.5;;;-5;4.5J;;;;;;;;Reims;Lyon;46.60% - 15.87%
Zeneli Arbër;M;15;5.45/20(5.13/4){5.40/21};0.94(1.25);3;4.5;(4.5);4.5;7*;;;;;4;5;5;3.5°;6.5*;;;;;;;;;5;Reims;Lyon;46.60% - 15.87%
Aguerd Nayef;D;15;5.36/25(5.46/14){5.31/29};1.02(0.75){1.09};3{4};5.5;5;4;4J;6;5.5;[5];6;;;;;5.5;-5;4.5;-5;7;-5;-6;-5;(5.5);6;Rennes;Marseille;42.90% - 36.76%
Assignon Lorenz;D;1;0.00;0.00;0;;;;;;;[5];;;;;;;;;;;;;;;;Rennes;Marseille;42.90% - 36.76%
Bonet Pépé;G;1;0.00;0.00;0;;;;;;;[5];;4;;4;-5;7;5;(4.5);;;;;;;;Rennes;Marseille;42.90% - 36.76%
Bourigeaud Benjamin;M;17;5.48/26(5.25/6);0.88(0.61){0.89};4{5};(4.5);-5;5;5;6;6;[5];;;;;;;;;;;5;5;5.5;5;5;Rennes;Marseille;42.90% - 36.76%
Camavinga Eduardo;M;14;5.38/25(5.26/17){5.48/29};0.86(0.73){0.95};1;-5;5;(5.5);4.5;5J;5.5;[5];5.5;-4;6;-5;5;6;4.5;-5;;;;(4.5);-5;;5.5;Rennes;Marseille;42.90% - 36.76%
Da Silva Damien;D;13;5.20/22{5.25/28};1.07{1.08};4;;4;3.5;4;5.5;5;[5];;(4.5);4.5;;;;4.5;;;5;6;4.5;7;6;5;Rennes;Marseille;42.90% - 36.76%
Dalbert;D;7;5.00/7{4.83/18};0.29{0.64};0;;-5;;;;;[5];-5;-4;(4.5);-5;4.5;-5;;4;;;;;;;;Rennes;Marseille;42.90% - 36.76%
Damergy Elias;G;1;0.00;0.00;0;;;;;;;[5];;;5;5;4;6;-4;4.5;5;7*;4.5;7.5**;(4.5);6*;;Rennes;Marseille;42.90% - 36.76%
Del Castillo Romain;A;5;5.19/16(5.00/3){5.23/22};0.87(0.50){0.80};0{1};-5;(5.5);(4.5);;;;[5];-5;;;;-4;-5;3.5;5;4.5;6.5;5.5;4.5;;;;Rennes;Marseille;42.90% - 36.76%
Diallo Namakoro;D;1;0.00;0.00;0;;;;;;;[5];;;5;4;3.5;6;6*;-5;;(6*);;-5;5;;;Rennes;Marseille;42.90% - 36.76%
Doku Jéremy;M;14;5.43/21;0.88;0;5.5;4.5;5.5;4J;-5;5;[5];7;4;5;(5.5);4;6;;;;;;;;;6;Rennes;Marseille;42.90% - 36.76%
Faitout Maouassa;D;9;5.07/15{5.24/21};0.53{0.90};0{2};;;(4.5);-5;(5.5);4.5;[5];5;3.5;(7*);(4.5);(4.5);-5;;(5.5);-5;-5;-5;5.5;(5.5);5;5;Rennes;Marseille;42.90% - 36.76%
Gboho Yann;M;5;4.70/10{4.67/12};0.35{0.39};0;;;;-5;;;[5];;4.5;-5;;3;4.5;;;;;;;;5;;Rennes;Marseille;42.90% - 36.76%
Gomis Alfred;G;12;5.41/16(5.58/6){5.25/18};0.90(0.92){0.96};0;6;6;6;4;6.5;5;[5];;;;;;;;;;;;;;;;Rennes;Marseille;42.90% - 36.76%
Grenier Clément;M;12;4.87/15(5.00/3);0.74(0.87);3;4.5J;4.5;-6;;;5;[5];4.5;-4;-4;(4.5);;;5J;;5;6;7.5*;5;5;5;4;Rennes;Marseille;42.90% - 36.76%
Guirassy Serhou;A;12;4.88/17(4.58/6){5.09/23};1.27(1.32){1.28};4{9};3.5;5;7*;3.5J;4;(4.5);[5];;4;4.5;;;;;5;;;;;;;;Rennes;Marseille;42.90% - 36.76%
Hamari Traoré;D;12;4.94/25{5.05/31};0.85{0.86};1;5J;4.5;4.5;3J;5J;4.5†;[5];5;4.5J;6;;4;6.5;;;;-4;;;;;6;Rennes;Marseille;42.90% - 36.76%
Hunou Adrien;A;10;5.11/18(5.00/2){5.20/22};0.80{0.90};4{6};-5;-5;;-5;;;[5];-5;;;;;;;5;4;7;5.5;6.5;5.5;;6;Rennes;Marseille;42.90% - 36.76%
Lea Siliki James;M;5;4.50/6{4.85/10};0.77{0.85};0;;;;;;;[5];;;;;;;;;;5;;-5;5;;5;Rennes;Marseille;42.90% - 36.76%
Martin Jonas;M;8;5.00/12;0.93;0;5J;;3.5;3.5;7;(4.5);[5];;;;;;;5.5;6;4.5J;-5;-5;6;;-5;;Rennes;Marseille;42.90% - 36.76%
Nyamsi Gerzino;D;9;4.67/9(4.50);0.43;0;4.5;;(4.5);;4.5;;[5];5;4;;;;;(4.5);6*;;6;6.5;;3.5;5;;Rennes;Marseille;42.90% - 36.76%
Nzonzi Steven;M;16;5.48/24(4.75/4){5.57/29};0.85(0.50){0.97};1;4.5;4.5;5.5;(4.5);;6;[5];5;;;4.5;;;4.5;;;;(7.5*);;;;6;Rennes;Marseille;42.90% - 36.76%
Omari Warmed;D;1;0.00;0.00;0;;;;;;;[5];;5.5;4.5;5.5J;;;;;;;;-4;;5;;Rennes;Marseille;42.90% - 36.76%
Salin Romain;G;8;5.40/15;1.00;0;;;;;;;[5];4;;;4.5;(4.5);5.5;4;6*;4.5;5.5;7*;6;6;4.5;5;Rennes;Marseille;42.90% - 36.76%
Soppy Brandon;D;4;4.80/5;0.27;0;;;;;;(4.5);[5];;3;-6;4J;4;;;;;;;;;;;Rennes;Marseille;42.90% - 36.76%
Tait Flavien;M;5;5.15/13(5.00){5.31/18};0.52{0.82};0{1};-5;;;;;;[5];;;;;;;;-5;;;;;;;;Rennes;Marseille;42.90% - 36.76%
Terrier Martin;M;15;5.20/23(5.25/14){5.29/29};0.86(0.83){0.85};4{5};5;6*;4.5†;4;4.5;6*;[5];4;;;3.5;3.5;(4.5);4.5J;(4.5);5;4;4;7*;4.5;7*;5.5;Rennes;Marseille;42.90% - 36.76%
Truffert Adrien;D;10;5.03/20(4.92/18);1.07(0.94);1;5;4.5;4.5;4.5;5;-5;[5];4.5;;;(5.5);5.5;-5;;;;;;;;;5.5;Rennes;Marseille;42.90% - 36.76%
Ugochukwu Chimuanya;M;2;0.00;0.00;0;;;;;;;[5];;;;;;;5.5;4.5;5.5;4.5;5;7*;7;6;;Rennes;Marseille;42.90% - 36.76%
Abi Charles;A;9;4.40/15(4.63/4){4.35/20};1.02(0.95){0.92};3;4;-4;(6*);(4.5);;3.5;(6*);2.5;;;;;4;;;;;;6;5;5;4.5;Saint-Étienne;Angers;56.70% - 35.71%
Aouchiche Adil;M;11;5.34/25(4.88/4);0.70(0.48);2;5.5;(4.5);-5;4.5;;4.5;6;-5;5;4.5;2.5;4;(4.5);;;;;;;;;6;Saint-Étienne;Angers;56.70% - 35.71%
Bajic Stefan;G;6;0.00;0.00;0;;;;;;;;;-5;(5.5);3.5;;;-5;(4.5);-5;;(4.5);-5;;-5;;Saint-Étienne;Angers;56.70% - 35.71%
Bakayoko Abdoulaye;D;1;0.00;0.00;0;;;;;;;;;5.5;5.5J;4*;5;5;;;;;;;;;;Saint-Étienne;Angers;56.70% - 35.71%
Benkhedim Bilal;M;4;4.67/3{4.75/4};0.58{0.50};0;;;;;;;;;5;4J;-5;;;;;;;;;;;;Saint-Étienne;Angers;56.70% - 35.71%
Bouanga Denis;M;20;4.94/27(5.19/8){4.97/33};1.36(1.81){1.29};5{8};(6*);3.5;4.5;8*;4.5;7J;5.5;(2.5°);;;;;5;4;5J;-4;4;(4.5);5;8**;6*;5.5;Saint-Étienne;Angers;56.70% - 35.71%
Boudebouz Ryad;M;9;5.05/11(5.50){5.19/16};0.91;0;(5.5);;;;;;;;;-5;4;4;;;;;;;;;;5.5;Saint-Étienne;Angers;56.70% - 35.71%
Camara Mahdi;M;17;5.46/27(5.65/10){5.45/30};1.03(1.33){0.99};3;5.5;4.5;5;6.5;6;7.5*;7;3;;;;;;(4.5);;-2;;;;;;5.5;Saint-Étienne;Angers;56.70% - 35.71%
Cissé Pape Abou;D;8;5.42/6;0.66;0;5;5;5;6;6.5;5J;;;;;;;;;;3;3.5;4.5;6.5;6.5;6;;Saint-Étienne;Angers;56.70% - 35.71%
Debuchy Mathieu;D;11;5.08/18(4.63/4){5.00/22};0.83(0.63){0.79};1;4.5J;4J;4.5;5.5J;;5;6.5;;4.5;5;;(4.5);5;;3.5;;-5;;;(4.5);;6;Saint-Étienne;Angers;56.70% - 35.71%
Fall Boubacar;G;1;0.00;0.00;0;;;;;;;;;;;;;;;;4;3;5.5*;6.5;6;6.5;;Saint-Étienne;Angers;56.70% - 35.71%
Gabard Baptiste;M;4;4.50/2;0.71;0;;;;;;;;4;4;6*;;(4.5);4;3.5;3;;;(4.5);(4.5);(4.5);;;Saint-Étienne;Angers;56.70% - 35.71%
Gabriel Silva;D;4;5.00;0.00;0;;;;;;;;;5;5J;3;4;4;4;;;3;4.5;;;(5.5);;Saint-Étienne;Angers;56.70% - 35.71%
Gourna-Douath Lucas;M;13;4.94/24(5.10/15);0.65(0.71);0;5.5J;(4.5);5;6;6.5;(5.5);(4.5);3.5;;;;;;;4;5;4;4.5;;;;5;Saint-Étienne;Angers;56.70% - 35.71%
Green Etienne;G;1;0.00;0.00;0;;;;;;;;;;;;;;4;2.5;5.5;2;4;7.5;6;6;;Saint-Étienne;Angers;56.70% - 35.71%
Guendouz Alexis;G;1;0.00;0.00;0;;;;;;;;;;;;;;4.5J;;4.5;-5;6;5;6;6;;Saint-Étienne;Angers;56.70% - 35.71%
Hamouma Romain;M;12;4.80/22{4.78/23};1.04{1.02};4;;;;;5.5;(5.5);4;2.5;;;;-5;5;;;5.5;3;4.5;6;7.5;-6;4.5;Saint-Étienne;Angers;56.70% - 35.71%
Indjai Correia Edmilson;A;2;0.00{5.00};0.00;0;;;;;;;;;5.5J;5.5;3.5;4;;;;;;;;;;;Saint-Étienne;Angers;56.70% - 35.71%
Khazri Wahbi;M;7;4.33/12{4.35/13};0.91{0.88};1;;;4.5;5;;(4.5);;;5.5;4.5;2.5;4;5;4†J;4.5;;;;;;;4.5;Saint-Étienne;Angers;56.70% - 35.71%
Kolodziejczak Timothée;D;7;4.66/19(4.50){4.54/23};1.20{1.15};0;4.5;;;;5;;;2;5.5;5.5J;3.5;6;5;-4;(4.5);5;(4.5);(4.5);(4.5);-5;;5;Saint-Étienne;Angers;56.70% - 35.71%
Maçon Yvann;D;3;5.25/6{4.81/8};1.44{1.49};1;;;;;;;;;(4.5);(4.5);(4.5);;;;;;;;;;;;Saint-Étienne;Angers;56.70% - 35.71%
Modeste Anthony;A;8;4.20/5(3.83/3);0.76;0;(4.5);3;4;;4.5;-5;;;;;;;;;;;;;;;;;Saint-Étienne;Angers;56.70% - 35.71%
Monnet-Paquet Kévin;A;5;4.35/10(4.00);0.67;0;4;;;;5;;(4.5);;;;;;;3°;3;4.5;;;;;-5;;Saint-Étienne;Angers;56.70% - 35.71%
Moueffek Aïmen;M;9;4.63/12;0.86;0;;(3.5);;-5;-5;;;4;;;(4.5);(4.5);(4.5);;;;;;;;;;Saint-Étienne;Angers;56.70% - 35.71%
Moukoudi Harold;D;12;5.00/20(5.50/7);0.84(0.58);3;4.5*J;6*;5.5;6;6;5;5.5J;;;;;;;5.5;3;-5;;;;;;5.5;Saint-Étienne;Angers;56.70% - 35.71%
Moulin Jessy;G;15;4.77/28{4.87/31};1.32{1.35};0;4;4;5;6;6;6;6;4;;;;;;-5;;;;;;;;6;Saint-Étienne;Angers;56.70% - 35.71%
Neyou Yvan;M;13;5.29/24(5.25/8);0.88(1.04);1;(4.5);5.5;5;7;5;5.5;6;3.5;;-5;3;;;;(4.5);;;;;;;6.5;Saint-Étienne;Angers;56.70% - 35.71%
Nordin Arnaud;M;14;5.29/24(5.25/18){5.28/25};1.13(1.02){1.11};3;4.5;6.5;-5;(6.5*);(4.5);4.5;5;(4.5);;;;;-5;-5;;;;;;;;5;Saint-Étienne;Angers;56.70% - 35.71%
Petit Victor;M;1;0.00;0.00;0;;;;;;;;;;;;;4;;4;-5;4;4.5;(5.5);;-5;;Saint-Étienne;Angers;56.70% - 35.71%
Retsos Panagiotis;D;5;4.50/4;0.41;0;;;;;;;;;;;;;;;;;;;;;;;Saint-Étienne;Angers;56.70% - 35.71%
Rivera Maxence;A;5;4.50/15;0.27;0;;-4;;;;;;;5;5;-5;4.5;;6.5J;6*J;3.5;;;;-5;(5.5);4.5;Saint-Étienne;Angers;56.70% - 35.71%
Sidibé Abdoulaye;A;2;0.00;0.00;0;;;;;;;;;;;;;;7*J;4.5J;4;6*;4.5J;4;4;5.5;;Saint-Étienne;Angers;56.70% - 35.71%
Sissoko Alpha;D;7;4.11/9;0.89;0;;;;;;;;4;5.5;5;3.5;6J;4.5;6;6;5;4;5.5;5J;4.5;-5;;Saint-Étienne;Angers;56.70% - 35.71%
Souici Rayan;D;2;5.00;0.00;0;;;;;;;;;-5;-5;;;;;;;;;;;;;Saint-Étienne;Angers;56.70% - 35.71%
Sow Saidou;D;7;4.60/10;0.77;0;;;;;;;5.5;-5;;5.5;4;;;7;;3.5;;4.5;4;-5;;;Saint-Étienne;Angers;56.70% - 35.71%
Tormin Tyrone;M;5;5.00/2;0.00;0;;;;;;;;;8*;5;6*;;5*;-5;3.5;(4.5);3.5;-5;;4.5;4;;Saint-Étienne;Angers;56.70% - 35.71%
Trauco Miguel;D;11;4.79/19(4.80/10){4.75/22};0.77(1.03){0.74};0;(4.5);4.5;4.5;5.5;-5;5;7;3;;6;5.5;5.5;7;;;4;(6.5*);(5.5);-5;4;6*;5;Saint-Étienne;Angers;
Tshibuabua Marvin;D;3;5.00;0.00;0;;;;;;;;;;;;;;7.5*;(6*);;(4.5);;-4;-4;3.5;;Saint-Étienne;Angers;56.70% - 35.71%
Youssouf Zaydou;M;8;4.82/19;0.69;0;;5;(4.5);(5.5);-5;;;-5;6;5;3;4;4;6;;4;5;4.5;3;4.5;-5;;Saint-Étienne;Angers;56.70% - 35.71%
Aaneba Ismaël;D;4;5.00/2;0.00;0;;;;;;;;;-5;(4.5);;;4;7;3;4;4;6;4;;;5;Strasbourg;Rennes;36.40% - 30.49%
Aholou Jean Eudes;M;16;5.45/20{5.46/23};1.04{0.98};2;;5.5;4.5;6;5;7*;;6.5;7;-5;(5.5);(4.5);;;;;;;;4;5;5.5;Strasbourg;Rennes;36.40% - 30.49%
Ajorque Ludovic;A;20;5.29/26(5.25/4){5.16/31};1.18(0.50){1.19};11;5J;6*;5;5;;4.5;4.5;6*;7.5*;5.5;5*;4;4J;-5;3.5;;;;;3.5;4;5;Strasbourg;Rennes;36.40% - 30.49%
Bellegarde Jean-Ricner;M;11;5.27/26(5.14/14){5.26/31};0.75(0.72){0.74};0;-5;6;-5;-5;-5;4.5;(5.5);-5;6.5;;;5;;8*;4.5;3;4;5;4.5;4;4.5;6;Strasbourg;Rennes;36.40% - 30.49%
Besic Benjamin;M;1;0.00;0.00;0;;;;;;;;;;;;4;4°;;;;;;;;;;Strasbourg;Rennes;36.40% - 30.49%
Caci Anthony;D;11;4.93/23(5.32/11);1.00(0.75);0;6;5;5;4.5;4.5;5;5;5.5;6;6.5;4;;;;5.5;4;(5.5);-6;-5;(4.5);;5;Strasbourg;Rennes;36.40% - 30.49%
Carole Lionel;D;8;4.68/20(5.25/2){4.74/23};0.80(0.35){0.85};0;5.5;-5;;;4.5;4.5;4;-5;;;3;5;;;-4;;3.5;4.5;4;(4.5);(4.5);4.5;Strasbourg;Rennes;36.40% - 30.49%
Chahiri Mehdi;M;9;5.08/19;0.84;2;;(4.5);;;-5;(4.5);5;6;5J;6;7*;5;4;;;;;;;;;5;Strasbourg;Rennes;36.40% - 30.49%
Diallo Habib;A;18;5.02/26(5.20/22){4.93/30};1.33(1.36){1.29};7;5;-4;4.5;4;4.5;4.5;4;4.5;;;;;;;;;;;;;;5.5;Strasbourg;Rennes;36.40% - 30.49%
Djiku Alexander;D;12;5.15/24(5.41/16){5.17/29};1.05{1.19};0{1};6†;5.5;6;6;4.5;5;5J;6;8*J;-5;-5;4;;-5;;;-5;-5;;;4.5;;Strasbourg;Rennes;36.40% - 30.49%
Elimbi Gilbert Marvin;D;1;0.00;0.00;0;;;;;;;;;;;;(4.5);-4;;;-5;(4.5);-4;(4.5);(4.5);(4.5);;Strasbourg;Rennes;36.40% - 30.49%
Guilbert Frédéric;D;6;6.25/4{5.22/9};0.87{1.39};1;7*;6.5J;5;6.5;;;;;;;;;;;;;;;;;;;Strasbourg;Rennes;36.40% - 30.49%
Kamara Bingourou;G;11;4.50/8;1.31;0;;;;;;;;;;;;;;;;;;;;;;;Strasbourg;Rennes;36.40% - 30.49%
Kawashima Eiji;G;14;5.28/20(5.36/18);0.97;0;6;5.5;6;5.5;5.5;3J;5.5;5.5;(4.5);;;;4;6;5;4;3;7;5;5.5;3.5J;6.5;Strasbourg;Rennes;36.40% - 30.49%
Koné Lamine;D;5;4.33/9(6.00){4.46/12};0.97{0.92};0;6;;;;;-4;;-5;;;;;;6;-5;-6;4.5;5;5J;3.5;5;;Strasbourg;Rennes;36.40% - 30.49%
Lebeau Adrien;M;2;0.00{5.00};0.00;0;;;;;;;;;;;;;;5.5J;5.5;4;4;7.5*;5.5;;3;;Strasbourg;Rennes;36.40% - 30.49%
Lienard Dimitri;M;14;5.18/25(5.21/19);0.80(0.84){0.78};1;4.5J;5.5;5.5;6†;-5;(4.5);5;-5;;;;;;-5;4;-5;4J;5.5;(4.5);4.5;4.5;5;Strasbourg;Rennes;36.40% - 30.49%
Majeed Waris;A;7;4.46/14{4.79/19};0.54{0.89};1{3};;;;;4.5;;;;-5;;;;;(4.5);;-5;-5;;5;-4;(4.5);;Strasbourg;Rennes;36.40% - 30.49%
Mothiba Lebo;A;3;0.00{4.50/4};0.00{0.41};0;;;;;;;;;7;5.5;4;4.5;4.5;;;;;;;;;;Strasbourg;Rennes;36.40% - 30.49%
Ousmane Abdoulaye;M;1;0.00;0.00;0;;;;;;;;;7.5;6.5;4.5;-5;3.5;;;;;;;;;;Strasbourg;Rennes;36.40% - 30.49%
Pelletier Louis;G;1;0.00;0.00;0;;;;;;;;;;;;;;;;;;;;;;;Strasbourg;Rennes;36.40% - 30.49%
Pierre Alexandre;G;1;0.00;0.00;0;;;;;;;;;;3.5;3.5;5;4.5;;;;;;;;;;Strasbourg;Rennes;36.40% - 30.49%
Prcic Sanjin;M;5;4.64/11;0.50;0;;;-5;;3.5;;;;6.5;6.5*;-5;4.5;-5;;;;;;;;;;Strasbourg;Rennes;36.40% - 30.49%
Saadi Idriss;A;4;4.50/6;0.32;0;;;;;;;;;(6*);;(4.5);(4.5);(4.5);;;;;;;;;;Strasbourg;Rennes;36.40% - 30.49%
Sels Matz;G;3;0.00{5.70/5};0.00{0.45};0;;;;;;;;;;;;;;;;;;;;;;;Strasbourg;Rennes;36.40% - 30.49%
Senaya Marvin;G;1;0.00;0.00;0;;;;;;;;;;;;;;;;;;;;;;;Strasbourg;Rennes;36.40% - 30.49%
Siby Mahamé;M;5;4.90/5(5.00){4.92/6};0.22{0.20};0;-5;;-5;;;;;;;;;;;;;;;;;;;;Strasbourg;Rennes;36.40% - 30.49%
Simakan Mohamed;D;11;4.89/19{4.96/23};1.07{1.00};1;;;;;;;;;;;;;;;;;;;;;;5.5;Strasbourg;Rennes;36.40% - 30.49%
Sissoko Ibrahima;M;13;5.24/27{5.23/31};0.93{0.88};0;;5.5;5.5;6;-5;4.5;5.5;5;;;;;;;;;;;;;;6.5;Strasbourg;Rennes;36.40% - 30.49%
Sommer Noé;M;1;0.00;0.00;0;;;;;;;;;;;;;;;;;;;;;;;Strasbourg;Rennes;36.40% - 30.49%
Stefan Mitrovic;D;11;4.77/22(5.15/10){4.93/27};1.17(0.58){1.18};1;6;5.5;5J;5.5;4;4.5J;5;5;;;;;;;;;;;;;;3.5;Strasbourg;Rennes;36.40% - 30.49%
Thomasson Adrien;M;21;5.18/28{5.26/33};1.08{1.04};5;6J;4.5;5;8**;3.5JR;7*;4.5;4.5;;;;;;;;;;;;;;6.5;Strasbourg;Rennes;36.40% - 30.49%
Zohi Kévin;A;8;4.63/19{4.71/24};0.47{0.51};1{2};;;;;5;-4;(4.5);-5;;;;;;;;;;;;;;;Strasbourg;Rennes;
